药品ID,药品编码,名称,规格,关联状态,缺口分类,具体原因
362387880000678,MED-2026-W221-01,丙酸氟替卡松吸入气雾剂,50μg/ 揿,UNMAPPED,身份字段需修正,STANDARD_REFERENCE_MISSING
362387880000679,MED-2026-W221-02,丙酸氟替卡松吸入气雾剂,125μg/ 揿,UNMAPPED,身份字段需修正,STANDARD_REFERENCE_MISSING
362387880001136,MED-2026-W408-01,中/ 长链脂肪乳注射液,250ml（大豆油 12.5g；中链甘油三酸酯 12.5g）,UNMAPPED,身份字段需修正,STANDARD_REFERENCE_MISSING
362387880001137,MED-2026-W408-02,中/ 长链脂肪乳注射液,250ml（大豆油 25g；中链甘油三酸酯 25g；卵磷脂 3g）,UNMAPPED,身份字段需修正,STANDARD_REFERENCE_MISSING
362387880000588,MED-2026-W189-01,乌拉地尔缓释（片剂、胶囊）,30mg,UNMAPPED,身份字段需修正,STANDARD_REFERENCE_MISSING
362387880001494,MED-2026-T054-01,二母宁嗽丸（颗粒、片）,每丸重 9g（相当于饮片 4g）,MISMATCH,标准规格须核对,标准原文剂型段落未分开
362387880001495,MED-2026-T054-02,二母宁嗽丸（颗粒、片）,每 100 丸重 10g颗粒剂：每袋装 3g,UNMAPPED,身份字段需修正,STANDARD_REFERENCE_MISSING
362387880001496,MED-2026-T054-03,二母宁嗽丸（颗粒、片）,每丸重 10g,UNMAPPED,身份字段需修正,STANDARD_REFERENCE_MISSING
362387869795202,DRUG-MET,二甲双胍,0.5g,UNMAPPED,本地重复档案待整理,STANDARD_REFERENCE_MISSING
362387880000904,MED-2026-W315-01,二甲双胍片,0.25g,UNMAPPED,本地重复档案待整理,STANDARD_REFERENCE_MISSING
362387880000905,MED-2026-W315-02,二甲双胍片,0.5g,UNMAPPED,本地重复档案待整理,STANDARD_REFERENCE_MISSING
362387880000908,MED-2026-W315-05,二甲双胍缓释片,0.25g,UNMAPPED,本地重复档案待整理,STANDARD_REFERENCE_MISSING
362387880000909,MED-2026-W315-06,二甲双胍缓释片,0.5g,UNMAPPED,本地重复档案待整理,STANDARD_REFERENCE_MISSING
362387880000911,MED-2026-W315-08,二甲双胍缓释胶囊,0.25g,UNMAPPED,本地重复档案待整理,STANDARD_REFERENCE_MISSING
362387880000906,MED-2026-W315-03,二甲双胍肠溶（片剂、胶囊）,0.25g,UNMAPPED,本地重复档案待整理,STANDARD_REFERENCE_MISSING
362387880000907,MED-2026-W315-04,二甲双胍肠溶（片剂、胶囊）,0.5g,UNMAPPED,身份字段需修正,STANDARD_REFERENCE_MISSING
362387880000910,MED-2026-W315-07,二甲双胍胶囊,0.25g,UNMAPPED,本地重复档案待整理,STANDARD_REFERENCE_MISSING
362387880002122,MED-2026-T283-01,云南白药散,常规说明书规格,UNMAPPED,无可匹配规格,STANDARD_REFERENCE_MISSING
362387880002124,MED-2026-T283-03,云南白药贴膏剂,常规说明书规格,UNMAPPED,无可匹配规格,STANDARD_REFERENCE_MISSING
362387880002125,MED-2026-T283-04,云南白药酊剂,常规说明书规格,UNMAPPED,无可匹配规格,STANDARD_REFERENCE_MISSING
362387880002123,MED-2026-T283-02,云南白药（胶囊、膏、酊、气雾剂）,常规说明书规格,UNMAPPED,无可匹配规格,STANDARD_REFERENCE_MISSING
362387880002126,MED-2026-T283-05,云南白药（胶囊、膏、酊、气雾剂）,常规说明书规格,UNMAPPED,无可匹配规格,STANDARD_REFERENCE_MISSING
362387880000186,MED-2026-W050-01,人干扰素人干扰素α1b注射液,10μg∶0.5ml,UNMAPPED,无可匹配规格,STANDARD_REFERENCE_MISSING
362387880000187,MED-2026-W050-02,人干扰素人干扰素α1b注射液,30μg∶1ml注射用人干扰素α1b ∶10μg,UNMAPPED,无可匹配规格,STANDARD_REFERENCE_MISSING
362387880000188,MED-2026-W050-03,人干扰素人干扰素α1b注射液,30μg人干扰素α2a 注射液,UNMAPPED,无可匹配规格,STANDARD_REFERENCE_MISSING
362387880000189,MED-2026-W050-04,人干扰素人干扰素α1b注射液,注射用人干扰素α2a ∶300 万 IU,UNMAPPED,无可匹配规格,STANDARD_REFERENCE_MISSING
362387880000190,MED-2026-W050-05,人干扰素人干扰素α1b注射液,500 万 IU人干扰素α2b 注射液,UNMAPPED,无可匹配规格,STANDARD_REFERENCE_MISSING
362387880000191,MED-2026-W050-06,人干扰素人干扰素α1b注射液,注射用人干扰素α2b ∶300 万 IU,UNMAPPED,无可匹配规格,STANDARD_REFERENCE_MISSING
362387880000192,MED-2026-W050-07,人干扰素人干扰素α1b注射液,500 万 IU,UNMAPPED,无可匹配规格,STANDARD_REFERENCE_MISSING
362387880000861,MED-2026-W302-01,人粒细胞刺激因子注射液,75μg,UNMAPPED,身份字段需修正,STANDARD_REFERENCE_MISSING
362387880000862,MED-2026-W302-02,人粒细胞刺激因子注射液,100μg,UNMAPPED,身份字段需修正,STANDARD_REFERENCE_MISSING
362387880000863,MED-2026-W302-03,人粒细胞刺激因子注射液,150μg,UNMAPPED,身份字段需修正,STANDARD_REFERENCE_MISSING
362387880000864,MED-2026-W302-04,人粒细胞刺激因子注射液,200μg,UNMAPPED,身份字段需修正,STANDARD_REFERENCE_MISSING
362387880000865,MED-2026-W302-05,人粒细胞刺激因子注射液,300μg,UNMAPPED,身份字段需修正,STANDARD_REFERENCE_MISSING
362387880001011,MED-2026-W355-03,他克莫司缓释胶囊,0.5mg,UNMAPPED,本地重复档案待整理,STANDARD_REFERENCE_MISSING
362387880001012,MED-2026-W355-04,他克莫司缓释胶囊,1mg,UNMAPPED,本地重复档案待整理,STANDARD_REFERENCE_MISSING
362387880001009,MED-2026-W355-01,他克莫司胶囊,0.5mg,UNMAPPED,本地重复档案待整理,STANDARD_REFERENCE_MISSING
362387880001010,MED-2026-W355-02,他克莫司胶囊,1mg,UNMAPPED,本地重复档案待整理,STANDARD_REFERENCE_MISSING
362387880000149,MED-2026-W038-01,伊曲康唑分散片,0.1g,UNMAPPED,身份字段需修正,STANDARD_REFERENCE_MISSING
362387880000845,MED-2026-W294,低分子量肝素注射液,常规说明书规格,UNMAPPED,无可匹配规格,STANDARD_REFERENCE_MISSING
362387880002002,MED-2026-T237,保妇康栓,每粒重 1.74g（含莪术油 82mg，冰片 75mg）,UNMAPPED,身份字段需修正,STANDARD_REFERENCE_MISSING
362387880001569,MED-2026-T078-01,健脾生血颗粒（片）,每 1g 相当于饮片 0.36g,MISMATCH,标准规格须核对,成分片段须恢复完整规格
362387880001570,MED-2026-T078-02,健脾生血颗粒（片）,含硫酸亚铁（FeSO4 ·7H2O）20mg（相当于铁 4mg）,MISMATCH,标准规格须核对,成分片段须恢复完整规格
362387880001571,MED-2026-T078-03,健脾生血颗粒（片）,每片重 0.6g［含硫酸亚铁（FeSO4 ·7H2O） 100mg（相当于铁 20mg）］,UNMAPPED,身份字段需修正,STANDARD_REFERENCE_MISSING
362387880002109,MED-2026-T277-02,冰硼散,每瓶 1.5g,UNMAPPED,身份字段需修正,STANDARD_REFERENCE_MISSING
362387880002110,MED-2026-T277-03,冰硼散,每瓶 2g,UNMAPPED,身份字段需修正,STANDARD_REFERENCE_MISSING
362387880002111,MED-2026-T277-04,冰硼散,每瓶 3g,UNMAPPED,身份字段需修正,STANDARD_REFERENCE_MISSING
362387880000410,MED-2026-W124-03,利培酮口崩片,1mg,UNMAPPED,本地重复档案待整理,STANDARD_REFERENCE_MISSING
362387880000408,MED-2026-W124-01,利培酮片,1mg,UNMAPPED,本地重复档案待整理,STANDARD_REFERENCE_MISSING
362387880001232,MED-2026-W451-01,加替沙星滴眼剂,0.3%,UNMAPPED,身份字段需修正,STANDARD_REFERENCE_MISSING
362387880001233,MED-2026-W451-02,加替沙星眼用凝胶,0.3%,UNMAPPED,身份字段需修正,STANDARD_REFERENCE_MISSING
362387880001406,MED-2026-T031-06,十滴水含樟脑 25mg,常规说明书规格,UNMAPPED,身份字段需修正,STANDARD_REFERENCE_MISSING
362387880001407,MED-2026-T031-07,十滴水桉油 12.5μl,常规说明书规格,UNMAPPED,身份字段需修正,STANDARD_REFERENCE_MISSING
362387880001405,MED-2026-T031-05,十滴水每1ml 相当于饮片 0.07g,常规说明书规格,UNMAPPED,身份字段需修正,STANDARD_REFERENCE_MISSING
362387880001402,MED-2026-T031-02,十滴水酊剂,每瓶 10ml,UNMAPPED,身份字段需修正,STANDARD_REFERENCE_MISSING
362387880001403,MED-2026-T031-03,十滴水酊剂,每瓶 100ml,UNMAPPED,身份字段需修正,STANDARD_REFERENCE_MISSING
362387880001404,MED-2026-T031-04,十滴水酊剂,每瓶 500ml,UNMAPPED,身份字段需修正,STANDARD_REFERENCE_MISSING
362387880001848,MED-2026-T174,华佗再造丸,常规说明书规格,UNMAPPED,无可匹配规格,STANDARD_REFERENCE_MISSING
362387880000494,MED-2026-W153-04,单硝酸异山梨酯缓释片,40mg,UNMAPPED,身份字段需修正,STANDARD_REFERENCE_MISSING
362387880000495,MED-2026-W153-05,单硝酸异山梨酯缓释片,50mg,UNMAPPED,身份字段需修正,STANDARD_REFERENCE_MISSING
362387880000497,MED-2026-W153-07,单硝酸异山梨酯缓释胶囊,40mg,UNMAPPED,身份字段需修正,STANDARD_REFERENCE_MISSING
362387880000498,MED-2026-W153-08,单硝酸异山梨酯缓释胶囊,50mg,UNMAPPED,身份字段需修正,STANDARD_REFERENCE_MISSING
362387880000320,MED-2026-W098-01,卡马西平片,0.1g,UNMAPPED,本地重复档案待整理,STANDARD_REFERENCE_MISSING
362387880000321,MED-2026-W098-02,卡马西平片,0.2g,UNMAPPED,本地重复档案待整理,STANDARD_REFERENCE_MISSING
362387880000322,MED-2026-W098-03,卡马西平缓释片,0.1g,UNMAPPED,本地重复档案待整理,STANDARD_REFERENCE_MISSING
362387880000323,MED-2026-W098-04,卡马西平缓释片,0.2g,UNMAPPED,本地重复档案待整理,STANDARD_REFERENCE_MISSING
362387880000564,MED-2026-W179-03,厄贝沙坦分散片,0.15g,UNMAPPED,本地重复档案待整理,STANDARD_REFERENCE_MISSING
362387880000563,MED-2026-W179-02,厄贝沙坦片,0.15g,UNMAPPED,本地重复档案待整理,STANDARD_REFERENCE_MISSING
362387880000873,MED-2026-W304-04,去氨加压素注射液,1ml ∶3.56μg,UNMAPPED,身份字段需修正,STANDARD_REFERENCE_MISSING
362387880000874,MED-2026-W304-05,去氨加压素注射液,1ml ∶13.35μg,UNMAPPED,身份字段需修正,STANDARD_REFERENCE_MISSING
362387880001626,MED-2026-T092-01,参芪降糖颗粒（胶囊、片）,每 1g 相当于饮片2.39g,MISMATCH,标准规格须核对,成分片段须恢复完整规格
362387880001627,MED-2026-T092-02,参芪降糖颗粒（胶囊、片）,含人参茎叶总皂苷17.14mg,MISMATCH,标准规格须核对,成分片段须恢复完整规格
362387880000768,MED-2026-W258-02,双歧杆菌三联活菌肠溶胶囊,0.21g,UNMAPPED,本地重复档案待整理,STANDARD_REFERENCE_MISSING
362387880000767,MED-2026-W258-01,双歧杆菌三联活菌胶囊,0.21g,UNMAPPED,本地重复档案待整理,STANDARD_REFERENCE_MISSING
362387880000272,MED-2026-W079-02,双氯芬酸钠缓释片剂,50mg,UNMAPPED,身份字段需修正,STANDARD_REFERENCE_MISSING
362387880000274,MED-2026-W079-04,双氯芬酸钠缓释片剂,100mg,UNMAPPED,身份字段需修正,STANDARD_REFERENCE_MISSING
362387880000275,MED-2026-W079-05,双氯芬酸钠缓释胶囊,50mg,UNMAPPED,身份字段需修正,STANDARD_REFERENCE_MISSING
362387880000276,MED-2026-W079-06,双氯芬酸钠缓释胶囊,100mg,UNMAPPED,身份字段需修正,STANDARD_REFERENCE_MISSING
362387880001411,MED-2026-T033-03,双黄连20ml,常规说明书规格,UNMAPPED,身份字段需修正,STANDARD_REFERENCE_MISSING
362387880001413,MED-2026-T033-05,双黄连3.0g,常规说明书规格,UNMAPPED,身份字段需修正,STANDARD_REFERENCE_MISSING
362387880001412,MED-2026-T033-04,双黄连每 1ml 相当于饮片1.5g,常规说明书规格,UNMAPPED,身份字段需修正,STANDARD_REFERENCE_MISSING
362387880001410,MED-2026-T033-02,双黄连每支装 10ml（相当于饮片 7.5g）,常规说明书规格,UNMAPPED,身份字段需修正,STANDARD_REFERENCE_MISSING
362387880001139,MED-2026-W410,口服补液盐散剂(Ⅰ、Ⅱ、Ⅲ),常规说明书规格,UNMAPPED,无可匹配规格,STANDARD_REFERENCE_MISSING
362387880000931,MED-2026-W325-03,司美格鲁肽1.34mg/ml,常规说明书规格,UNMAPPED,身份字段需修正,STANDARD_REFERENCE_MISSING
362387880000932,MED-2026-W325-04,司美格鲁肽3ml（预填充注射笔）,常规说明书规格,UNMAPPED,身份字段需修正,STANDARD_REFERENCE_MISSING
362387880000245,MED-2026-W073-03,吗啡口服溶液剂,常规说明书规格,UNMAPPED,无可匹配规格,STANDARD_REFERENCE_MISSING
362387880000246,MED-2026-W073-04,吗啡注射液,常规说明书规格,UNMAPPED,无可匹配规格,STANDARD_REFERENCE_MISSING
362387880000243,MED-2026-W073-01,吗啡片,常规说明书规格,UNMAPPED,无可匹配规格,STANDARD_REFERENCE_MISSING
362387880000244,MED-2026-W073-02,吗啡缓释片,常规说明书规格,UNMAPPED,无可匹配规格,STANDARD_REFERENCE_MISSING
362387880001016,MED-2026-W356-03,吗替麦考酚酯分散片,0.25g,UNMAPPED,本地重复档案待整理,STANDARD_REFERENCE_MISSING
362387880001017,MED-2026-W356-04,吗替麦考酚酯分散片,0.5g,UNMAPPED,本地重复档案待整理,STANDARD_REFERENCE_MISSING
362387880001014,MED-2026-W356-01,吗替麦考酚酯片,0.25g,UNMAPPED,本地重复档案待整理,STANDARD_REFERENCE_MISSING
362387880001015,MED-2026-W356-02,吗替麦考酚酯片,0.5g,UNMAPPED,本地重复档案待整理,STANDARD_REFERENCE_MISSING
362387880001288,MED-2026-W476-07,哌甲酯缓释胶囊,10mg,UNMAPPED,身份字段需修正,STANDARD_REFERENCE_MISSING
362387880000671,MED-2026-W219,噻托溴铵吸入粉雾剂,18μg,UNMAPPED,身份字段需修正,STANDARD_REFERENCE_MISSING
362387871000906,DEMO-DRUG-FLU-VAC,四价流感病毒裂解疫苗,0.5ml,UNMAPPED,无可匹配规格,STANDARD_REFERENCE_MISSING
362387880001196,MED-2026-W431,国家免疫规划用疫苗常规定制,以国家专项规定为准,UNMAPPED,无可匹配规格,STANDARD_REFERENCE_MISSING
362387880001750,MED-2026-T136-01,复方丹参片（颗粒、胶囊、滴丸）,每片重 0.3g,MISMATCH,标准规格须核对,标准原文剂型段落未分开
362387880001751,MED-2026-T136-02,复方丹参片（颗粒、胶囊、滴丸）,每片重 0.32g （相当于饮片 0.6g）,MISMATCH,标准规格须核对,标准原文剂型段落未分开
362387880001752,MED-2026-T136-03,复方丹参片（颗粒、胶囊、滴丸）,每片重 0.8g（相当于饮片 1.8g）颗粒剂：每袋装 1g,UNMAPPED,身份字段需修正,STANDARD_REFERENCE_MISSING
362387880001245,MED-2026-W458-01,复方托吡卡胺滴眼剂,1ml（托吡卡胺 5mg，盐酸去氧肾上腺素 5mg）,UNMAPPED,身份字段需修正,STANDARD_REFERENCE_MISSING
362387880001246,MED-2026-W458-02,复方托吡卡胺滴眼剂,5ml（托吡卡胺 25mg，盐酸去氧肾上腺素25mg）,UNMAPPED,身份字段需修正,STANDARD_REFERENCE_MISSING
362387880000701,MED-2026-W228,复方氢氧化铝片,常规说明书规格,UNMAPPED,无可匹配规格,STANDARD_REFERENCE_MISSING
362387880001133,MED-2026-W406-04,复方氨基酸 18AA小儿复方氨基酸注射液（ 18AA- Ⅰ),20ml ∶1.348g（总氨基酸）小儿复方氨基酸注射液（18AA- Ⅱ)： 50ml ∶3.0g（总氨基酸）,UNMAPPED,身份字段需修正,STANDARD_REFERENCE_MISSING
362387880000648,MED-2026-W210-02,复方甘草口服溶液剂,常规说明书规格,UNMAPPED,无可匹配规格,STANDARD_REFERENCE_MISSING
362387880000647,MED-2026-W210-01,复方甘草片,常规说明书规格,UNMAPPED,无可匹配规格,STANDARD_REFERENCE_MISSING
362387880000655,MED-2026-W214-01,复方甲氧那明胶囊,每粒 含盐酸甲氧那明12.5mg,UNMAPPED,身份字段需修正,STANDARD_REFERENCE_MISSING
362387880000656,MED-2026-W214-02,复方甲氧那明胶囊,那可丁 7mg,UNMAPPED,身份字段需修正,STANDARD_REFERENCE_MISSING
362387880000657,MED-2026-W214-03,复方甲氧那明胶囊,氨茶碱 25mg,UNMAPPED,身份字段需修正,STANDARD_REFERENCE_MISSING
362387880000658,MED-2026-W214-04,复方甲氧那明胶囊,马来酸氯苯那敏 2mg,UNMAPPED,身份字段需修正,STANDARD_REFERENCE_MISSING
362387880000120,MED-2026-W026-02,复方磺胺甲噁（ 恶）唑注射液,5ml ∶400mg∶80mg［磺胺甲噁（恶）唑∶甲氧苄啶］,UNMAPPED,身份字段需修正,STANDARD_REFERENCE_MISSING
362387880000381,MED-2026-W115-03,多奈哌齐分散片,5mg,UNMAPPED,本地重复档案待整理,STANDARD_REFERENCE_MISSING
362387880000382,MED-2026-W115-04,多奈哌齐口崩片,5mg,UNMAPPED,本地重复档案待整理,STANDARD_REFERENCE_MISSING
362387880000379,MED-2026-W115-01,多奈哌齐片,5mg,UNMAPPED,本地重复档案待整理,STANDARD_REFERENCE_MISSING
362387880000302,MED-2026-W092-01,多巴丝肼片,0.125g,UNMAPPED,身份字段需修正,STANDARD_REFERENCE_MISSING
362387880000303,MED-2026-W092-02,多巴丝肼片,0.25g（0.2g∶0.05g）,UNMAPPED,身份字段需修正,STANDARD_REFERENCE_MISSING
362387880000304,MED-2026-W092-03,多巴丝肼胶囊,0.125g,UNMAPPED,身份字段需修正,STANDARD_REFERENCE_MISSING
362387880000305,MED-2026-W092-04,多巴丝肼胶囊,0.25g（0.2g∶0.05g）,UNMAPPED,身份字段需修正,STANDARD_REFERENCE_MISSING
362387880001126,MED-2026-W403,多种维生素注射用无菌粉末,常规说明书规格,UNMAPPED,无可匹配规格,STANDARD_REFERENCE_MISSING
362387880000065,MED-2026-W013-03,头孢克肟分散片,100mg,UNMAPPED,本地重复档案待整理,STANDARD_REFERENCE_MISSING
362387880000068,MED-2026-W013-06,头孢克肟干混悬剂,50mg,UNMAPPED,身份字段需修正,STANDARD_REFERENCE_MISSING
362387880000069,MED-2026-W013-07,头孢克肟干混悬剂,100mg,UNMAPPED,身份字段需修正,STANDARD_REFERENCE_MISSING
362387880000064,MED-2026-W013-02,头孢克肟片,100mg,UNMAPPED,本地重复档案待整理,STANDARD_REFERENCE_MISSING
362387880000053,MED-2026-W012-03,头孢呋辛分散片,0.125g,UNMAPPED,本地重复档案待整理,STANDARD_REFERENCE_MISSING
362387880000054,MED-2026-W012-04,头孢呋辛分散片,0.25g,UNMAPPED,本地重复档案待整理,STANDARD_REFERENCE_MISSING
362387880000057,MED-2026-W012-07,头孢呋辛干混悬剂,0.125g,UNMAPPED,身份字段需修正,STANDARD_REFERENCE_MISSING
362387880000058,MED-2026-W012-08,头孢呋辛干混悬剂,0.25g,UNMAPPED,身份字段需修正,STANDARD_REFERENCE_MISSING
362387880000051,MED-2026-W012-01,头孢呋辛片,0.125g,UNMAPPED,本地重复档案待整理,STANDARD_REFERENCE_MISSING
362387880000052,MED-2026-W012-02,头孢呋辛片,0.25g,UNMAPPED,本地重复档案待整理,STANDARD_REFERENCE_MISSING
362387880000059,MED-2026-W012-09,头孢呋辛钠注射用无菌粉末,0.25g,UNMAPPED,身份字段需修正,STANDARD_REFERENCE_MISSING
362387871000902,DEMO-DRUG-CRO,头孢曲松钠,1g,UNMAPPED,无可匹配规格,STANDARD_REFERENCE_MISSING
362387880000407,MED-2026-W123-03,奥氮平口崩片,5mg,UNMAPPED,本地重复档案待整理,STANDARD_REFERENCE_MISSING
362387880000405,MED-2026-W123-01,奥氮平片,5mg,UNMAPPED,本地重复档案待整理,STANDARD_REFERENCE_MISSING
362387880000709,MED-2026-W231-01,奥美拉唑肠溶（片剂、胶囊）,10mg,UNMAPPED,身份字段需修正,STANDARD_REFERENCE_MISSING
362387880000710,MED-2026-W231-02,奥美拉唑肠溶（片剂、胶囊）,20mg,UNMAPPED,身份字段需修正,STANDARD_REFERENCE_MISSING
362387880001928,MED-2026-T207-02,如意金黄散,每袋 9g,UNMAPPED,身份字段需修正,STANDARD_REFERENCE_MISSING
362387880001929,MED-2026-T207-03,如意金黄散,每袋 12g,UNMAPPED,身份字段需修正,STANDARD_REFERENCE_MISSING
362387880001985,MED-2026-T229,妇科十味片,每片重 0.3g（相当于饮片 0.32g，含碳酸钙21.67mg）,UNMAPPED,身份字段需修正,STANDARD_REFERENCE_MISSING
362387880001986,MED-2026-T230-01,妇科千金片（胶囊）,常规说明书规格,UNMAPPED,身份字段需修正,STANDARD_REFERENCE_MISSING
362387880000676,MED-2026-W220-05,孟鲁司特口溶膜,4mg,UNMAPPED,身份字段需修正,STANDARD_REFERENCE_MISSING
362387880000677,MED-2026-W220-06,孟鲁司特口溶膜,5mg,UNMAPPED,身份字段需修正,STANDARD_REFERENCE_MISSING
362387880000673,MED-2026-W220-02,孟鲁司特咀嚼片,4mg,UNMAPPED,身份字段需修正,STANDARD_REFERENCE_MISSING
362387880000674,MED-2026-W220-03,孟鲁司特咀嚼片,5mg,UNMAPPED,身份字段需修正,STANDARD_REFERENCE_MISSING
362387880002021,MED-2026-T242-01,定坤丹丸,每丸重 10.8g（相当于饮片4.78g，含复方滇鸡血藤膏 0.25g）,UNMAPPED,身份字段需修正,STANDARD_REFERENCE_MISSING
362387880001808,MED-2026-T160-01,宽胸气雾剂,每瓶 含内容物5.8g,UNMAPPED,身份字段需修正,STANDARD_REFERENCE_MISSING
362387880001809,MED-2026-T160-02,宽胸气雾剂,其中药液 2.7ml（含挥发油 0.6ml）,UNMAPPED,身份字段需修正,STANDARD_REFERENCE_MISSING
362387880001810,MED-2026-T160-03,宽胸气雾剂,每瓶 60揿,UNMAPPED,身份字段需修正,STANDARD_REFERENCE_MISSING
362387880001811,MED-2026-T160-04,宽胸气雾剂,每揿重 69mg,UNMAPPED,身份字段需修正,STANDARD_REFERENCE_MISSING
362387880001813,MED-2026-T160-06,宽胸气雾剂内含药 液 4.8g（含挥发油 1.5ml ）,常规说明书规格,UNMAPPED,身份字段需修正,STANDARD_REFERENCE_MISSING
362387880001815,MED-2026-T160-08,宽胸气雾剂每揿 63mg,常规说明书规格,UNMAPPED,身份字段需修正,STANDARD_REFERENCE_MISSING
362387880001814,MED-2026-T160-07,宽胸气雾剂每瓶 185 揿,常规说明书规格,UNMAPPED,身份字段需修正,STANDARD_REFERENCE_MISSING
362387880001812,MED-2026-T160-05,宽胸气雾剂每瓶 内容物重 13.8g,常规说明书规格,UNMAPPED,身份字段需修正,STANDARD_REFERENCE_MISSING
362387871000901,DEMO-DRUG-PARA,对乙酰氨基酚,0.5g,UNMAPPED,本地重复档案待整理,STANDARD_REFERENCE_MISSING
362387880000257,MED-2026-W076-04,对乙酰氨基酚口服溶液剂,混悬液,MISMATCH,标准规格须核对,标准规格不完整
362387880000258,MED-2026-W076-05,对乙酰氨基酚口服溶液剂,干混悬剂,MISMATCH,标准规格须核对,标准规格不完整
362387880000259,MED-2026-W076-06,对乙酰氨基酚口服溶液剂,栓剂,MISMATCH,标准规格须核对,标准规格不完整
362387880000255,MED-2026-W076-02,对乙酰氨基酚片,0.5g,UNMAPPED,本地重复档案待整理,STANDARD_REFERENCE_MISSING
362387880002165,MED-2026-T302-01,小儿柴桂退热颗粒（口服液）,每袋装 2.5g（每 1g 相当于饮片1.0g）,MISMATCH,标准规格须核对,标准原文剂型段落未分开
362387880002166,MED-2026-T302-02,小儿柴桂退热颗粒（口服液）,每袋装 4g （每 1g 相当于饮片1.25g）,MISMATCH,标准规格须核对,标准原文剂型段落未分开
362387880002167,MED-2026-T302-03,小儿柴桂退热颗粒（口服液）,每袋装 5g（每 1g 相当于饮片 1.0g）合剂：每 1ml 相当于饮片 0.5g,UNMAPPED,身份字段需修正,STANDARD_REFERENCE_MISSING
362387880002173,MED-2026-T305-01,小儿热速清合剂,每支装 10ml（每 1ml 相当于饮片 1.1625g）颗粒剂：每袋装 2g,UNMAPPED,身份字段需修正,STANDARD_REFERENCE_MISSING
362387880002174,MED-2026-T305-02,小儿热速清合剂,每支装 6g,MISMATCH,标准规格须核对,标准原文剂型段落未分开
362387880001951,MED-2026-T216-03,小金丸（胶囊、片）,6g,UNMAPPED,身份字段需修正,STANDARD_REFERENCE_MISSING
362387880001222,MED-2026-W443-03,尿素乳膏剂,10%,UNMAPPED,本地重复档案待整理,STANDARD_REFERENCE_MISSING
362387880001223,MED-2026-W443-04,尿素乳膏剂,20%,UNMAPPED,本地重复档案待整理,STANDARD_REFERENCE_MISSING
362387880001220,MED-2026-W443-01,尿素软膏剂,10%,UNMAPPED,本地重复档案待整理,STANDARD_REFERENCE_MISSING
362387880001221,MED-2026-W443-02,尿素软膏剂,20%,UNMAPPED,本地重复档案待整理,STANDARD_REFERENCE_MISSING
362387880000732,MED-2026-W239-03,山莨菪碱注射液（含消旋）,1ml ∶2mg,UNMAPPED,无可匹配规格,STANDARD_REFERENCE_MISSING
362387880000733,MED-2026-W239-04,山莨菪碱注射液（含消旋）,1ml ∶10mg,UNMAPPED,无可匹配规格,STANDARD_REFERENCE_MISSING
362387880000730,MED-2026-W239-01,山莨菪碱片剂（含消旋）,5mg,UNMAPPED,无可匹配规格,STANDARD_REFERENCE_MISSING
362387880000731,MED-2026-W239-02,山莨菪碱片剂（含消旋）,10mg,UNMAPPED,无可匹配规格,STANDARD_REFERENCE_MISSING
362387880001827,MED-2026-T164-02,川芎茶调丸（散、颗粒、片）,每袋装 6g,UNMAPPED,身份字段需修正,STANDARD_REFERENCE_MISSING
362387880000349,MED-2026-W104-02,左乙拉西坦片,0.5g,UNMAPPED,本地重复档案待整理,STANDARD_REFERENCE_MISSING
362387880000350,MED-2026-W104-03,左乙拉西坦缓释片,0.5g,UNMAPPED,本地重复档案待整理,STANDARD_REFERENCE_MISSING
362387880000581,MED-2026-W186-01,左氨氯地平片,2.5mg,UNMAPPED,多个规格待辨别,STANDARD_REFERENCE_MISSING
362387880000583,MED-2026-W186-03,左氨氯地平片,2.5mg,UNMAPPED,多个规格待辨别,STANDARD_REFERENCE_MISSING
362387880000945,MED-2026-W331-01,左甲状腺素钠片,25μg,UNMAPPED,身份字段需修正,STANDARD_REFERENCE_MISSING
362387880000946,MED-2026-W331-02,左甲状腺素钠片,50μg,UNMAPPED,身份字段需修正,STANDARD_REFERENCE_MISSING
362387880000947,MED-2026-W331-03,左甲状腺素钠片,100μg,UNMAPPED,身份字段需修正,STANDARD_REFERENCE_MISSING
362387880000686,MED-2026-W222-06,布地奈德0.2mg,常规说明书规格,UNMAPPED,身份字段需修正,STANDARD_REFERENCE_MISSING
362387880000688,MED-2026-W222-08,布地奈德200 吸/ 支,常规说明书规格,UNMAPPED,身份字段需修正,STANDARD_REFERENCE_MISSING
362387880000687,MED-2026-W222-07,布地奈德200μg/ 吸,常规说明书规格,UNMAPPED,身份字段需修正,STANDARD_REFERENCE_MISSING
362387880000681,MED-2026-W222-01,布地奈德吸入气雾剂,每瓶 100 揿,UNMAPPED,身份字段需修正,STANDARD_REFERENCE_MISSING
362387880000682,MED-2026-W222-02,布地奈德吸入气雾剂,每揿含布地奈德 200μg,UNMAPPED,身份字段需修正,STANDARD_REFERENCE_MISSING
362387880000684,MED-2026-W222-04,布地奈德每揿含布地奈德 100μg,常规说明书规格,UNMAPPED,身份字段需修正,STANDARD_REFERENCE_MISSING
362387880000683,MED-2026-W222-03,布地奈德每瓶 200 揿,常规说明书规格,UNMAPPED,身份字段需修正,STANDARD_REFERENCE_MISSING
362387880000690,MED-2026-W223-01,布地奈德福莫特罗吸入粉雾剂,80μg/4.5μg/吸,UNMAPPED,身份字段需修正,STANDARD_REFERENCE_MISSING
362387880000691,MED-2026-W223-02,布地奈德福莫特罗吸入粉雾剂,160μg/4.5μg/ 吸,UNMAPPED,身份字段需修正,STANDARD_REFERENCE_MISSING
362387880000692,MED-2026-W223-03,布地奈德福莫特罗吸入粉雾剂,320μg/9μg/ 吸,UNMAPPED,身份字段需修正,STANDARD_REFERENCE_MISSING
362387880000694,MED-2026-W225-01,布地格福吸入气雾剂,每瓶 120 揿,UNMAPPED,身份字段需修正,STANDARD_REFERENCE_MISSING
362387880000695,MED-2026-W225-02,布地格福吸入气雾剂,每揿含布地奈德 160μg,UNMAPPED,身份字段需修正,STANDARD_REFERENCE_MISSING
362387880000696,MED-2026-W225-03,布地格福吸入气雾剂,格隆铵 7.2μg 和富马酸福莫特罗 4.8μg,UNMAPPED,身份字段需修正,STANDARD_REFERENCE_MISSING
362387880000268,MED-2026-W078-06,布洛芬缓释（片剂、胶囊）,0.3g,UNMAPPED,身份字段需修正,STANDARD_REFERENCE_MISSING
362387880001933,MED-2026-T210-01,康复新液合剂,每瓶装 10ml,UNMAPPED,身份字段需修正,STANDARD_REFERENCE_MISSING
362387880001934,MED-2026-T210-02,康复新液合剂,每瓶装 50ml,UNMAPPED,身份字段需修正,STANDARD_REFERENCE_MISSING
362387880001935,MED-2026-T210-03,康复新液合剂,每瓶装 100ml,UNMAPPED,身份字段需修正,STANDARD_REFERENCE_MISSING
362387880001936,MED-2026-T210-04,康复新液合剂,每1ml含美洲大蠊干燥虫体的乙醇提取物（含总氨基酸以丙氨酸计） 1mg,UNMAPPED,身份字段需修正,STANDARD_REFERENCE_MISSING
362387880001937,MED-2026-T210-05,康复新液溶液剂,每瓶装 10ml,UNMAPPED,身份字段需修正,STANDARD_REFERENCE_MISSING
362387880001938,MED-2026-T210-06,康复新液溶液剂,每瓶装 50ml,UNMAPPED,身份字段需修正,STANDARD_REFERENCE_MISSING
362387880001939,MED-2026-T210-07,康复新液溶液剂,每瓶装 100ml,UNMAPPED,身份字段需修正,STANDARD_REFERENCE_MISSING
362387880001250,MED-2026-W459-04,康柏西普0.05ml/ 支（预充式）,常规说明书规格,UNMAPPED,身份字段需修正,STANDARD_REFERENCE_MISSING
362387880001249,MED-2026-W459-03,康柏西普10mg/ml,常规说明书规格,UNMAPPED,身份字段需修正,STANDARD_REFERENCE_MISSING
362387880000749,MED-2026-W246,开塞露灌肠剂（含甘油、山梨醇）,常规说明书规格,UNMAPPED,无可匹配规格,STANDARD_REFERENCE_MISSING
362387880001508,MED-2026-T056-09,"强力枇杷膏（蜜炼）、
强力枇杷露含薄荷脑 0.15mg",常规说明书规格,UNMAPPED,身份字段需修正,STANDARD_REFERENCE_MISSING
362387880001507,MED-2026-T056-08,"强力枇杷膏（蜜炼）、
强力枇杷露每 1ml 相当于饮片 0. 155g",常规说明书规格,UNMAPPED,身份字段需修正,STANDARD_REFERENCE_MISSING
362387880001500,MED-2026-T056-01,"强力枇杷膏（蜜炼）、
强力枇杷露煎膏剂（膏滋）",每瓶装 180g,UNMAPPED,身份字段需修正,STANDARD_REFERENCE_MISSING
362387880001501,MED-2026-T056-02,"强力枇杷膏（蜜炼）、
强力枇杷露煎膏剂（膏滋）",每瓶装 240g,UNMAPPED,身份字段需修正,STANDARD_REFERENCE_MISSING
362387880001502,MED-2026-T056-03,"强力枇杷膏（蜜炼）、
强力枇杷露煎膏剂（膏滋）",每瓶装 300g,UNMAPPED,身份字段需修正,STANDARD_REFERENCE_MISSING
362387880000176,MED-2026-W045-03,恩替卡韦分散片,0.5mg,UNMAPPED,本地重复档案待整理,STANDARD_REFERENCE_MISSING
362387880000177,MED-2026-W045-04,恩替卡韦分散片,1mg,UNMAPPED,本地重复档案待整理,STANDARD_REFERENCE_MISSING
362387880000174,MED-2026-W045-01,恩替卡韦片,0.5mg,UNMAPPED,本地重复档案待整理,STANDARD_REFERENCE_MISSING
362387880000175,MED-2026-W045-02,恩替卡韦片,1mg,UNMAPPED,本地重复档案待整理,STANDARD_REFERENCE_MISSING
362387880001193,MED-2026-W429,抗蛇毒血清注射液,常规说明书规格,UNMAPPED,无可匹配规格,STANDARD_REFERENCE_MISSING
362387880001784,MED-2026-T149-01,护肝片（颗粒、胶囊）,每片重 0.35g（相当于饮片 1.255g）,MISMATCH,标准规格须核对,标准原文剂型段落未分开
362387880001785,MED-2026-T149-02,护肝片（颗粒、胶囊）,每片重 0.36g（相当于饮片 1.255g）,MISMATCH,标准规格须核对,标准原文剂型段落未分开
362387880001786,MED-2026-T149-03,护肝片（颗粒、胶囊）,每片重 0.38g颗粒剂：每袋装 2g,UNMAPPED,身份字段需修正,STANDARD_REFERENCE_MISSING
362387880000346,MED-2026-W103-04,拉莫三嗪分散片,25mg,UNMAPPED,本地重复档案待整理,STANDARD_REFERENCE_MISSING
362387880000347,MED-2026-W103-05,拉莫三嗪分散片,50mg,UNMAPPED,本地重复档案待整理,STANDARD_REFERENCE_MISSING
362387880000343,MED-2026-W103-01,拉莫三嗪片,25mg,UNMAPPED,本地重复档案待整理,STANDARD_REFERENCE_MISSING
362387880000344,MED-2026-W103-02,拉莫三嗪片,50mg,UNMAPPED,本地重复档案待整理,STANDARD_REFERENCE_MISSING
362387880002118,MED-2026-T281-02,接骨七厘散（丸、片）,每袋装 1.5g,UNMAPPED,身份字段需修正,STANDARD_REFERENCE_MISSING
362387880000449,MED-2026-W137-05,文拉法辛缓释片,75mg,UNMAPPED,身份字段需修正,STANDARD_REFERENCE_MISSING
362387880000450,MED-2026-W137-06,文拉法辛缓释胶囊,75mg,UNMAPPED,身份字段需修正,STANDARD_REFERENCE_MISSING
362387880001895,MED-2026-T193-02,普乐安胶囊（片）,每片重 0.57g（含油菜花粉 0.5g）,UNMAPPED,身份字段需修正,STANDARD_REFERENCE_MISSING
362387880001896,MED-2026-T193-03,普乐安胶囊（片）,每片重 0.64g（含油菜花粉 0.5g）,UNMAPPED,身份字段需修正,STANDARD_REFERENCE_MISSING
362387880001036,MED-2026-W364-03,替莫唑胺注射用无菌粉末,100mg,UNMAPPED,身份字段需修正,STANDARD_REFERENCE_MISSING
362387880000913,MED-2026-W317-01,格列吡嗪片,5mg,UNMAPPED,本地重复档案待整理,STANDARD_REFERENCE_MISSING
362387880000914,MED-2026-W317-02,格列吡嗪缓释片,5mg,UNMAPPED,本地重复档案待整理,STANDARD_REFERENCE_MISSING
362387880002035,MED-2026-T247-03,桂枝茯苓丸（胶囊）,每丸重 2.2g,UNMAPPED,身份字段需修正,STANDARD_REFERENCE_MISSING
362387880001860,MED-2026-T179-02,正清风痛宁缓释片（片、肠溶片）,每片 含盐酸青藤碱20mg,UNMAPPED,本地重复档案待整理,STANDARD_REFERENCE_MISSING
362387880001861,MED-2026-T179-03,正清风痛宁缓释片（片、肠溶片）,每片 含盐酸青藤碱 20mg,UNMAPPED,本地重复档案待整理,STANDARD_REFERENCE_MISSING
362387880000434,MED-2026-W131-03,氟西汀分散片,20mg,UNMAPPED,身份字段需修正,STANDARD_REFERENCE_MISSING
362387869795203,DRUG-AML,氨氯地平,5mg,UNMAPPED,本地重复档案待整理,STANDARD_REFERENCE_MISSING
362387880000580,MED-2026-W185,氨氯地平片,5mg,UNMAPPED,本地重复档案待整理,STANDARD_REFERENCE_MISSING
362387880000631,MED-2026-W206-02,氨溴索分散片,30mg,UNMAPPED,本地重复档案待整理,STANDARD_REFERENCE_MISSING
362387880000635,MED-2026-W206-06,氨溴索吸入用溶液,2ml ∶15mg,UNMAPPED,身份字段需修正,STANDARD_REFERENCE_MISSING
362387880000630,MED-2026-W206-01,氨溴索片,30mg,UNMAPPED,本地重复档案待整理,STANDARD_REFERENCE_MISSING
362387880000659,MED-2026-W215-01,氨茶碱片,0.1g,UNMAPPED,本地重复档案待整理,STANDARD_REFERENCE_MISSING
362387880000661,MED-2026-W215-03,氨茶碱缓释片,0.1g,UNMAPPED,本地重复档案待整理,STANDARD_REFERENCE_MISSING
362387880000403,MED-2026-W122-03,氯氮平口崩片,25mg,UNMAPPED,本地重复档案待整理,STANDARD_REFERENCE_MISSING
362387880000401,MED-2026-W122-01,氯氮平片,25mg,UNMAPPED,本地重复档案待整理,STANDARD_REFERENCE_MISSING
362387880001279,MED-2026-W475-02,水合氯醛糖浆组合包装,水合氯醛浓缩液 1.342g∶1g/ 糖浆（稀释液）9ml,UNMAPPED,身份字段需修正,STANDARD_REFERENCE_MISSING
362387880001280,MED-2026-W475-03,水合氯醛糖浆组合包装,水合氯醛浓缩液 0.671g∶0.5g/ 糖浆（稀释液）4.5ml,UNMAPPED,身份字段需修正,STANDARD_REFERENCE_MISSING
362387880000667,MED-2026-W217-02,沙丁胺醇200 揿,每揿 140μg,UNMAPPED,身份字段需修正,STANDARD_REFERENCE_MISSING
362387880000666,MED-2026-W217-01,沙丁胺醇吸入气雾剂,200 揿：每揿 100μg,UNMAPPED,身份字段需修正,STANDARD_REFERENCE_MISSING
362387871000903,DEMO-DRUG-SALB,沙丁胺醇吸入溶液,5mg/2.5ml,UNMAPPED,无可匹配规格,STANDARD_REFERENCE_MISSING
362387880000708,MED-2026-W230-04,法莫替丁注射用无菌粉末,20mg,UNMAPPED,身份字段需修正,STANDARD_REFERENCE_MISSING
362387880001903,MED-2026-T198-01,消炎利胆片（颗粒、胶囊）,每片重 0.24g,MISMATCH,标准规格须核对,标准原文剂型段落未分开
362387880001904,MED-2026-T198-02,消炎利胆片（颗粒、胶囊）,每片重 0.25g （相当于饮片 2.6g）,MISMATCH,标准规格须核对,标准原文剂型段落未分开
362387880001905,MED-2026-T198-03,消炎利胆片（颗粒、胶囊）,每片重 0.26g（相当于饮片 2.6g）颗粒剂：每袋装 2.5g,UNMAPPED,身份字段需修正,STANDARD_REFERENCE_MISSING
362387880002135,MED-2026-T286-02,消痛贴膏贴膏剂,1.2g,UNMAPPED,身份字段需修正,STANDARD_REFERENCE_MISSING
362387880001498,MED-2026-T055-01,润肺膏煎膏剂,每 1g 相当于饮片 20mg,MISMATCH,标准规格须核对,成分片段须恢复完整规格
362387880001499,MED-2026-T055-02,润肺膏煎膏剂,含莱阳梨清膏485mg,MISMATCH,标准规格须核对,成分片段须恢复完整规格
362387880001525,MED-2026-T063-03,"清开灵颗粒（胶囊、
软胶囊、片、注射液）",每粒装 0.2g（含黄芩苷 10mg）,UNMAPPED,身份字段需修正,STANDARD_REFERENCE_MISSING
362387880001526,MED-2026-T063-04,"清开灵颗粒（胶囊、
软胶囊、片、注射液）",每粒装 0.4g（含黄芩苷 20mg）,UNMAPPED,身份字段需修正,STANDARD_REFERENCE_MISSING
362387880002027,MED-2026-T245,滋肾育胎丸,常规说明书规格,UNMAPPED,无可匹配规格,STANDARD_REFERENCE_MISSING
362387880001733,MED-2026-T131-01,灯盏花素片,每片 含灯盏花素20mg,UNMAPPED,身份字段需修正,STANDARD_REFERENCE_MISSING
362387880001734,MED-2026-T131-02,灯盏花素片,每片 40mg,UNMAPPED,身份字段需修正,STANDARD_REFERENCE_MISSING
362387880001228,MED-2026-W447,炉甘石洗剂,常规说明书规格,UNMAPPED,无可匹配规格,STANDARD_REFERENCE_MISSING
362387880002150,MED-2026-T295-02,狗皮膏膏药,15g,UNMAPPED,身份字段需修正,STANDARD_REFERENCE_MISSING
362387880002151,MED-2026-T295-03,狗皮膏膏药,24g,UNMAPPED,身份字段需修正,STANDARD_REFERENCE_MISSING
362387880002152,MED-2026-T295-04,狗皮膏膏药,30g,UNMAPPED,身份字段需修正,STANDARD_REFERENCE_MISSING
362387880000126,MED-2026-W029-01,环丙沙星片,0.25g,MISMATCH,标准规格须核对,标准原文剂型段落未分开
362387880000127,MED-2026-W029-02,环丙沙星片,0.5g （乳酸盐）氯化钠注射液：100ml ∶0.2g,UNMAPPED,身份字段需修正,STANDARD_REFERENCE_MISSING
362387880001008,MED-2026-W354-03,环孢素口服溶液剂,常规说明书规格,UNMAPPED,无可匹配规格,STANDARD_REFERENCE_MISSING
362387880001006,MED-2026-W354-01,环孢素胶囊,常规说明书规格,UNMAPPED,无可匹配规格,STANDARD_REFERENCE_MISSING
362387880001007,MED-2026-W354-02,环孢素软胶囊,常规说明书规格,UNMAPPED,无可匹配规格,STANDARD_REFERENCE_MISSING
362387880002056,MED-2026-T254-04,珍珠明目滴眼液10ml,常规说明书规格,UNMAPPED,身份字段需修正,STANDARD_REFERENCE_MISSING
362387880002057,MED-2026-T254-05,珍珠明目滴眼液12ml,常规说明书规格,UNMAPPED,身份字段需修正,STANDARD_REFERENCE_MISSING
362387880002058,MED-2026-T254-06,珍珠明目滴眼液15ml,常规说明书规格,UNMAPPED,身份字段需修正,STANDARD_REFERENCE_MISSING
362387880002055,MED-2026-T254-03,珍珠明目滴眼液每瓶（支）装 8ml,常规说明书规格,UNMAPPED,身份字段需修正,STANDARD_REFERENCE_MISSING
362387880002053,MED-2026-T254-01,珍珠明目滴眼液滴眼剂,每 1ml 相当于饮片 1mg,MISMATCH,标准规格须核对,成分片段须恢复完整规格
362387880002054,MED-2026-T254-02,珍珠明目滴眼液滴眼剂,含珍珠液 0.02ml,MISMATCH,标准规格须核对,成分片段须恢复完整规格
362387880001455,MED-2026-T045-01,生脉饮合剂,每支装 10ml,UNMAPPED,身份字段需修正,STANDARD_REFERENCE_MISSING
362387880001601,MED-2026-T084-03,百令胶囊（片）,每片重 0.44g（含发酵冬虫夏草菌粉 0.333g）,UNMAPPED,身份字段需修正,STANDARD_REFERENCE_MISSING
362387880001602,MED-2026-T084-04,百令胶囊（片）,每片重 0.45g（相当于发酵冬虫夏草菌粉 0.2g）,UNMAPPED,身份字段需修正,STANDARD_REFERENCE_MISSING
362387880001583,MED-2026-T080-04,知柏地黄丸,每丸重 2g,UNMAPPED,身份字段需修正,STANDARD_REFERENCE_MISSING
362387880000377,MED-2026-W114-01,石杉碱甲片,50μg,UNMAPPED,身份字段需修正,STANDARD_REFERENCE_MISSING
362387880000378,MED-2026-W114-02,石杉碱甲胶囊,50μg,UNMAPPED,身份字段需修正,STANDARD_REFERENCE_MISSING
362387880000489,MED-2026-W152-03,硝酸异山梨酯氯化钠注射液,100ml ∶10mg,UNMAPPED,身份字段需修正,STANDARD_REFERENCE_MISSING
362387880000490,MED-2026-W152-04,硝酸异山梨酯葡萄糖注射液,100ml ∶10mg,UNMAPPED,身份字段需修正,STANDARD_REFERENCE_MISSING
362387880001197,MED-2026-W432,硫酸钡干混悬剂(Ⅰ型、Ⅱ型）,常规说明书规格,UNMAPPED,无可匹配规格,STANDARD_REFERENCE_MISSING
362387880000985,MED-2026-W345-02,碳酸钙颗粒,每袋 含碳酸钙1.25g（相当于钙 500mg）与维生素 D3 200国际单位（5μg）,UNMAPPED,身份字段需修正,STANDARD_REFERENCE_MISSING
362387880001268,MED-2026-W468,米索前列醇片,200μg,UNMAPPED,身份字段需修正,STANDARD_REFERENCE_MISSING
362387880000093,MED-2026-W020-07,红霉素注射用无菌粉末,0.25g（25 万单位）,UNMAPPED,身份字段需修正,STANDARD_REFERENCE_MISSING
362387880000087,MED-2026-W020-01,红霉素肠溶（片剂、胶囊）,0.125g（12.5 万单位）,UNMAPPED,本地重复档案待整理,STANDARD_REFERENCE_MISSING
362387880000088,MED-2026-W020-02,红霉素肠溶（片剂、胶囊）,0.25g（25万单位）,UNMAPPED,本地重复档案待整理,STANDARD_REFERENCE_MISSING
362387880000091,MED-2026-W020-05,红霉素胶囊,0.125g（12.5 万单位）,UNMAPPED,本地重复档案待整理,STANDARD_REFERENCE_MISSING
362387880000092,MED-2026-W020-06,红霉素胶囊,0.25g（25万单位）,UNMAPPED,本地重复档案待整理,STANDARD_REFERENCE_MISSING
362387880000139,MED-2026-W035,结核病用药常规定制,以国家专项规定为准,UNMAPPED,无可匹配规格,STANDARD_REFERENCE_MISSING
362387880001210,MED-2026-W437,结核菌素纯蛋白衍生物注射液,常规说明书规格,UNMAPPED,无可匹配规格,STANDARD_REFERENCE_MISSING
362387869795204,DRUG-VB1-INJ,维生素B1注射液,100mg/2ml,UNMAPPED,无可匹配规格,STANDARD_REFERENCE_MISSING
362387880000565,MED-2026-W180-01,缬沙坦氨氯地平片剂(Ⅰ),每片 含缬沙坦 80mg,UNMAPPED,无可匹配规格,STANDARD_REFERENCE_MISSING
362387880000566,MED-2026-W180-02,缬沙坦氨氯地平片剂(Ⅰ),氨氯地平 5mg,UNMAPPED,无可匹配规格,STANDARD_REFERENCE_MISSING
362387880000567,MED-2026-W180-03,缬沙坦氨氯地平片剂(Ⅱ),每片 含缬沙坦 160mg,UNMAPPED,无可匹配规格,STANDARD_REFERENCE_MISSING
362387880000568,MED-2026-W180-04,缬沙坦氨氯地平片剂(Ⅱ),氨氯地平 5mg,UNMAPPED,无可匹配规格,STANDARD_REFERENCE_MISSING
362387880000287,MED-2026-W084-03,美沙拉秦缓释片,0.5g,UNMAPPED,身份字段需修正,STANDARD_REFERENCE_MISSING
362387880000290,MED-2026-W084-06,美沙拉秦缓释颗粒,0.5g,UNMAPPED,身份字段需修正,STANDARD_REFERENCE_MISSING
362387880000286,MED-2026-W084-02,美沙拉秦肠溶片,0.5g,UNMAPPED,身份字段需修正,STANDARD_REFERENCE_MISSING
362387872000902,DEMO-DRUG-MEM,美罗培南,0.5g,UNMAPPED,无可匹配规格,STANDARD_REFERENCE_MISSING
362387880001258,MED-2026-W463-05,羟甲唑啉喷雾剂,10ml ∶5mg,UNMAPPED,身份字段需修正,STANDARD_REFERENCE_MISSING
362387880001256,MED-2026-W463-03,羟甲唑啉滴鼻剂,10ml ∶5mg,UNMAPPED,身份字段需修正,STANDARD_REFERENCE_MISSING
362387880000755,MED-2026-W250,聚乙二醇散,常规说明书规格,UNMAPPED,无可匹配规格,STANDARD_REFERENCE_MISSING
362387880001915,MED-2026-T204-01,肛泰栓（软膏）,每粒 相当于饮片0.086g,MISMATCH,标准规格须核对,标准原文剂型段落未分开
362387880001916,MED-2026-T204-02,肛泰栓（软膏）,含盐酸小檗碱 36mg,UNMAPPED,身份字段需修正,STANDARD_REFERENCE_MISSING
362387880001917,MED-2026-T204-03,肛泰栓（软膏）,盐酸罂粟碱 7mg软膏剂：每 1g 相当于饮片 86mg,UNMAPPED,身份字段需修正,STANDARD_REFERENCE_MISSING
362387880001918,MED-2026-T204-04,肛泰栓（软膏）,含盐酸小檗碱36mg,UNMAPPED,身份字段需修正,STANDARD_REFERENCE_MISSING
362387880001919,MED-2026-T204-05,肛泰栓（软膏）,盐酸罂粟碱 7mg,MISMATCH,标准规格须核对,标准原文剂型段落未分开
362387880001940,MED-2026-T211-01,肤痔清软膏软膏剂,每 1g 相当于饮片0.436g,MISMATCH,标准规格须核对,成分片段须恢复完整规格
362387880001941,MED-2026-T211-02,肤痔清软膏软膏剂,含薄荷脑 3mg,MISMATCH,标准规格须核对,成分片段须恢复完整规格
362387880000899,MED-2026-W311-01,胰岛素人胰岛素注射液（短效、中效和预混 30R ）,300 单位,UNMAPPED,无可匹配规格,STANDARD_REFERENCE_MISSING
362387880000900,MED-2026-W311-02,胰岛素人胰岛素注射液（短效、中效和预混 30R ）,400 单位,UNMAPPED,无可匹配规格,STANDARD_REFERENCE_MISSING
362387880001134,MED-2026-W407-01,脂肪乳氨基酸葡萄糖注射液,1440ml（20% 脂肪乳注射液 255ml；复方氨基酸注射液（17）300ml； 11% 葡萄糖注射液 885ml）,UNMAPPED,身份字段需修正,STANDARD_REFERENCE_MISSING
362387880001135,MED-2026-W407-02,脂肪乳氨基酸葡萄糖注射液,1920ml（20% 脂肪乳注射液 340ml；复方氨基酸注射液（17）400ml； 11% 葡萄糖注射液 1180ml）,UNMAPPED,身份字段需修正,STANDARD_REFERENCE_MISSING
362387880000797,MED-2026-W272,腹膜透析液注射液（腹腔用药）,常规说明书规格,UNMAPPED,无可匹配规格,STANDARD_REFERENCE_MISSING
362387880000716,MED-2026-W232-05,艾司奥美拉唑注射用无菌粉末,40mg,UNMAPPED,身份字段需修正,STANDARD_REFERENCE_MISSING
362387880000714,MED-2026-W232-03,艾司奥美拉唑肠溶干混悬剂,20mg,UNMAPPED,身份字段需修正,STANDARD_REFERENCE_MISSING
362387880000715,MED-2026-W232-04,艾司奥美拉唑肠溶干混悬剂,40mg,UNMAPPED,身份字段需修正,STANDARD_REFERENCE_MISSING
362387880000712,MED-2026-W232-01,艾司奥美拉唑肠溶（片剂、胶囊）,20mg,UNMAPPED,身份字段需修正,STANDARD_REFERENCE_MISSING
362387880000193,MED-2026-W051,艾滋病用药常规定制,以国家专项规定为准,UNMAPPED,无可匹配规格,STANDARD_REFERENCE_MISSING
362387880002006,MED-2026-T238-04,艾附暖宫丸,每丸重 10g,UNMAPPED,身份字段需修正,STANDARD_REFERENCE_MISSING
362387880000693,MED-2026-W224,茚达特罗格隆溴铵吸入粉雾剂,110μg/50μg/ 粒,UNMAPPED,身份字段需修正,STANDARD_REFERENCE_MISSING
362387880000201,MED-2026-W057,葡萄糖酸锑钠注射液,6ml（按锑计 0.6g，约相当于葡萄糖酸锑钠 1.9g）,UNMAPPED,身份字段需修正,STANDARD_REFERENCE_MISSING
362387880001392,MED-2026-T030-03,藿香正气水1ml 相当于饮片 0.66g,每支装 10ml,UNMAPPED,身份字段需修正,STANDARD_REFERENCE_MISSING
362387880001398,MED-2026-T030-09,藿香正气水含广藿香油0.8μl,常规说明书规格,UNMAPPED,身份字段需修正,STANDARD_REFERENCE_MISSING
362387880001397,MED-2026-T030-08,藿香正气水含甘草浸膏 10mg,常规说明书规格,UNMAPPED,身份字段需修正,STANDARD_REFERENCE_MISSING
362387880001393,MED-2026-T030-04,藿香正气水含甘草浸膏 9.76mg,每支装 10ml,UNMAPPED,身份字段需修正,STANDARD_REFERENCE_MISSING
362387880001399,MED-2026-T030-10,藿香正气水含紫苏叶油 0.4μl,常规说明书规格,UNMAPPED,身份字段需修正,STANDARD_REFERENCE_MISSING
362387880001394,MED-2026-T030-05,藿香正气水广藿香油 0.78μl,每支装 10ml,UNMAPPED,身份字段需修正,STANDARD_REFERENCE_MISSING
362387880001391,MED-2026-T030-02,藿香正气水每,常规说明书规格,UNMAPPED,身份字段需修正,STANDARD_REFERENCE_MISSING
362387880001396,MED-2026-T030-07,藿香正气水每 1ml相当于饮片 0.66g,常规说明书规格,UNMAPPED,身份字段需修正,STANDARD_REFERENCE_MISSING
362387880001395,MED-2026-T030-06,藿香正气水紫苏叶油 0.39μl合剂,每支装 10ml,UNMAPPED,身份字段需修正,STANDARD_REFERENCE_MISSING
362387880001390,MED-2026-T030-01,藿香正气水酊剂,每支装 10ml,UNMAPPED,身份字段需修正,STANDARD_REFERENCE_MISSING
362387880001476,MED-2026-T049-03,蛇胆川贝液合剂,每支装 10ml,UNMAPPED,身份字段需修正,STANDARD_REFERENCE_MISSING
362387880001477,MED-2026-T049-04,蛇胆川贝液合剂,每 1ml 相当于饮片0.085g,UNMAPPED,身份字段需修正,STANDARD_REFERENCE_MISSING
362387880001474,MED-2026-T049-01,蛇胆川贝液糖浆剂,每支装 10ml,UNMAPPED,身份字段需修正,STANDARD_REFERENCE_MISSING
362387880001475,MED-2026-T049-02,蛇胆川贝液糖浆剂,每 1ml 相当于饮片0.085g,UNMAPPED,身份字段需修正,STANDARD_REFERENCE_MISSING
362387880000840,MED-2026-W292,血友病用药注射用无菌粉末,常规说明书规格,UNMAPPED,无可匹配规格,STANDARD_REFERENCE_MISSING
362387880001676,MED-2026-T109-06,血塞通滴丸剂,每丸 含三七总皂苷 5mg,UNMAPPED,身份字段需修正,STANDARD_REFERENCE_MISSING
362387880001677,MED-2026-T109-07,血塞通滴丸剂,每丸重 28mg（含三七总皂苷 10mg）,UNMAPPED,身份字段需修正,STANDARD_REFERENCE_MISSING
362387880001678,MED-2026-T109-08,血塞通滴丸剂,每丸重 45mg （含三七总皂苷 10mg）,UNMAPPED,身份字段需修正,STANDARD_REFERENCE_MISSING
362387880001673,MED-2026-T109-03,血塞通胶囊（软胶囊、滴丸、注射液）、注射用血塞通（冻干）,每粒装 0.33g（含三七总皂苷60mg）,UNMAPPED,身份字段需修正,STANDARD_REFERENCE_MISSING
362387880001674,MED-2026-T109-04,血塞通胶囊（软胶囊、滴丸、注射液）、注射用血塞通（冻干）,每粒装 0.33g（含三七总皂苷120mg）,UNMAPPED,身份字段需修正,STANDARD_REFERENCE_MISSING
362387880001675,MED-2026-T109-05,血塞通胶囊（软胶囊、滴丸、注射液）、注射用血塞通（冻干）,每粒装 0.55g （含三七总皂苷100mg）,UNMAPPED,身份字段需修正,STANDARD_REFERENCE_MISSING
362387880001746,MED-2026-T135-04,血府逐瘀丸（片、口服液、胶囊）,每片重 0.4g,MISMATCH,标准规格须核对,标准原文剂型段落未分开
362387880001747,MED-2026-T135-05,血府逐瘀丸（片、口服液、胶囊）,每片重 0.42g （相当于饮片 0.74g）,MISMATCH,标准规格须核对,标准原文剂型段落未分开
362387880001748,MED-2026-T135-06,血府逐瘀丸（片、口服液、胶囊）,每片重 0.45g合剂：每支装 10ml,UNMAPPED,身份字段需修正,STANDARD_REFERENCE_MISSING
362387880001668,MED-2026-T108-04,血栓通5ml ∶175mg（三七总皂苷）注射用无菌粉末,每瓶 （支）装 100mg,UNMAPPED,身份字段需修正,STANDARD_REFERENCE_MISSING
362387880001669,MED-2026-T108-05,血栓通5ml ∶175mg（三七总皂苷）注射用无菌粉末,每瓶 150mg,UNMAPPED,身份字段需修正,STANDARD_REFERENCE_MISSING
362387880001670,MED-2026-T108-06,血栓通5ml ∶175mg（三七总皂苷）注射用无菌粉末,每瓶 250mg,UNMAPPED,身份字段需修正,STANDARD_REFERENCE_MISSING
362387871000904,DEMO-DRUG-LHQW,连花清瘟胶囊,0.35g,UNMAPPED,无可匹配规格,STANDARD_REFERENCE_MISSING
362387880001776,MED-2026-T145-01,逍遥丸（颗粒）,每丸重 9g,MISMATCH,标准规格须核对,标准原文剂型段落未分开
362387880001777,MED-2026-T145-02,逍遥丸（颗粒）,每 8 丸相当于原生药（原药材、饮片）3g,MISMATCH,标准规格须核对,标准原文剂型段落未分开
362387880001778,MED-2026-T145-03,逍遥丸（颗粒）,每袋装 6g,UNMAPPED,身份字段需修正,STANDARD_REFERENCE_MISSING
362387880001779,MED-2026-T145-04,逍遥丸（颗粒）,每袋装 9g颗粒剂：每袋装 5g（相当于饮片 10.0g）,UNMAPPED,身份字段需修正,STANDARD_REFERENCE_MISSING
362387880001780,MED-2026-T145-05,逍遥丸（颗粒）,每袋装 15g,MISMATCH,标准规格须核对,标准原文剂型段落未分开
362387880001273,MED-2026-W471,避孕药常规定制,以国家专项规定为准,UNMAPPED,无可匹配规格,STANDARD_REFERENCE_MISSING
362387880001687,MED-2026-T111-01,银杏叶胶囊（片、滴丸）,每粒 含总黄酮醇苷 9.6mg,UNMAPPED,身份字段需修正,STANDARD_REFERENCE_MISSING
362387880001688,MED-2026-T111-02,银杏叶胶囊（片、滴丸）,萜类内酯 2.4mg,UNMAPPED,身份字段需修正,STANDARD_REFERENCE_MISSING
362387880001689,MED-2026-T111-03,银杏叶胶囊（片、滴丸）,每粒 含总黄酮醇苷19.2mg,UNMAPPED,身份字段需修正,STANDARD_REFERENCE_MISSING
362387880001690,MED-2026-T111-04,银杏叶胶囊（片、滴丸）,萜类内酯 4.8mg,UNMAPPED,身份字段需修正,STANDARD_REFERENCE_MISSING
362387880001691,MED-2026-T111-05,银杏叶胶囊（片、滴丸）,每片 含总黄酮醇苷 9.6mg,UNMAPPED,身份字段需修正,STANDARD_REFERENCE_MISSING
362387880001692,MED-2026-T111-06,银杏叶胶囊（片、滴丸）,萜类内酯 2.4mg,UNMAPPED,身份字段需修正,STANDARD_REFERENCE_MISSING
362387880001693,MED-2026-T111-07,银杏叶胶囊（片、滴丸）,每片 含总黄酮醇苷19.2mg,UNMAPPED,身份字段需修正,STANDARD_REFERENCE_MISSING
362387880001694,MED-2026-T111-08,银杏叶胶囊（片、滴丸）,萜类内酯 4.8mg,UNMAPPED,身份字段需修正,STANDARD_REFERENCE_MISSING
362387880001422,MED-2026-T034-05,银黄口服液（颗粒、胶囊、片）,每袋装 4g（含金银花提取物 0.4g，黄芩提取物 0.16g）,UNMAPPED,身份字段需修正,STANDARD_REFERENCE_MISSING
362387880001420,MED-2026-T034-03,银黄含黄芩提取物（以黄芩苷计） 24mg,常规说明书规格,UNMAPPED,身份字段需修正,STANDARD_REFERENCE_MISSING
362387880001419,MED-2026-T034-02,银黄每 1ml 含金银花提取物（以绿原酸计）2.4mg,常规说明书规格,UNMAPPED,身份字段需修正,STANDARD_REFERENCE_MISSING
362387880001331,MED-2026-T013-03,防风通圣丸（颗粒）,每丸重 6g,UNMAPPED,身份字段需修正,STANDARD_REFERENCE_MISSING
362387880000260,MED-2026-W077-01,阿司匹林片,0.3g,UNMAPPED,本地重复档案待整理,STANDARD_REFERENCE_MISSING
362387880000262,MED-2026-W077-03,阿司匹林肠溶片,0.3g,UNMAPPED,本地重复档案待整理,STANDARD_REFERENCE_MISSING
362387880000099,MED-2026-W021-04,阿奇霉素干混悬剂,0.1g（10 万单位）,UNMAPPED,身份字段需修正,STANDARD_REFERENCE_MISSING
362387880000979,MED-2026-W343-07,阿法骨化醇滴剂,20ml ∶40μg,UNMAPPED,身份字段需修正,STANDARD_REFERENCE_MISSING
362387880000973,MED-2026-W343-01,阿法骨化醇片,0.25μg,UNMAPPED,身份字段需修正,STANDARD_REFERENCE_MISSING
362387880000974,MED-2026-W343-02,阿法骨化醇片,0.5μg,UNMAPPED,身份字段需修正,STANDARD_REFERENCE_MISSING
362387880000975,MED-2026-W343-03,阿法骨化醇胶囊,0.25μg,UNMAPPED,身份字段需修正,STANDARD_REFERENCE_MISSING
362387880000976,MED-2026-W343-04,阿法骨化醇胶囊,0.5μg,UNMAPPED,身份字段需修正,STANDARD_REFERENCE_MISSING
362387880000977,MED-2026-W343-05,阿法骨化醇软胶囊,0.25μg,UNMAPPED,身份字段需修正,STANDARD_REFERENCE_MISSING
362387880000978,MED-2026-W343-06,阿法骨化醇软胶囊,0.5μg,UNMAPPED,身份字段需修正,STANDARD_REFERENCE_MISSING
362387880000422,MED-2026-W127-03,阿立哌唑口崩片,5mg,UNMAPPED,本地重复档案待整理,STANDARD_REFERENCE_MISSING
362387880000423,MED-2026-W127-04,阿立哌唑口崩片,10mg,UNMAPPED,本地重复档案待整理,STANDARD_REFERENCE_MISSING
362387880000420,MED-2026-W127-01,阿立哌唑片,5mg,UNMAPPED,本地重复档案待整理,STANDARD_REFERENCE_MISSING
362387880000421,MED-2026-W127-02,阿立哌唑片,10mg,UNMAPPED,本地重复档案待整理,STANDARD_REFERENCE_MISSING
362387869795201,DRUG-AMOX,阿莫西林,0.25g,UNMAPPED,本地重复档案待整理,STANDARD_REFERENCE_MISSING
362387880000034,MED-2026-W007-06,阿莫西林克拉维酸钾干混悬剂,250mg∶62.5mg,UNMAPPED,身份字段需修正,STANDARD_REFERENCE_MISSING
362387880000035,MED-2026-W007-07,阿莫西林克拉维酸钾干混悬剂,200mg∶28.5mg（7:1）,UNMAPPED,身份字段需修正,STANDARD_REFERENCE_MISSING
362387880000036,MED-2026-W007-08,阿莫西林克拉维酸钾注射用无菌粉末,250mg∶50mg,UNMAPPED,身份字段需修正,STANDARD_REFERENCE_MISSING
362387880000037,MED-2026-W007-09,阿莫西林克拉维酸钾注射用无菌粉末,500mg∶100mg,UNMAPPED,身份字段需修正,STANDARD_REFERENCE_MISSING
362387880000038,MED-2026-W007-10,阿莫西林克拉维酸钾注射用无菌粉末,1000mg∶200mg（5:1）,UNMAPPED,身份字段需修正,STANDARD_REFERENCE_MISSING
362387880000030,MED-2026-W007-02,阿莫西林克拉维酸钾片,4:1,MISMATCH,标准规格须核对,标准规格不完整
362387880000031,MED-2026-W007-03,阿莫西林克拉维酸钾片,7:1,MISMATCH,标准规格须核对,标准规格不完整
362387880000032,MED-2026-W007-04,阿莫西林克拉维酸钾颗粒,125mg∶31.25mg,UNMAPPED,身份字段需修正,STANDARD_REFERENCE_MISSING
362387880000033,MED-2026-W007-05,阿莫西林克拉维酸钾颗粒,200mg∶28.5mg（7:1）,UNMAPPED,身份字段需修正,STANDARD_REFERENCE_MISSING
362387880000027,MED-2026-W006-07,阿莫西林干混悬剂,0.125g,UNMAPPED,身份字段需修正,STANDARD_REFERENCE_MISSING
362387880000028,MED-2026-W006-08,阿莫西林干混悬剂,0.25g,UNMAPPED,身份字段需修正,STANDARD_REFERENCE_MISSING
362387880000024,MED-2026-W006-04,阿莫西林胶囊,0.25g,UNMAPPED,本地重复档案待整理,STANDARD_REFERENCE_MISSING
362387880000200,MED-2026-W056,青蒿素类药物常规定制,以国家专项规定为准,UNMAPPED,无可匹配规格,STANDARD_REFERENCE_MISSING
362387872000901,DEMO-DRUG-PEN-G,青霉素钠,80万单位,UNMAPPED,无可匹配规格,STANDARD_REFERENCE_MISSING
362387880000576,MED-2026-W184-01,非洛地平片,2.5mg,UNMAPPED,本地重复档案待整理,STANDARD_REFERENCE_MISSING
362387880000577,MED-2026-W184-02,非洛地平片,5mg,UNMAPPED,本地重复档案待整理,STANDARD_REFERENCE_MISSING
362387880000578,MED-2026-W184-03,非洛地平缓释片,2.5mg,UNMAPPED,本地重复档案待整理,STANDARD_REFERENCE_MISSING
362387880000579,MED-2026-W184-04,非洛地平缓释片,5mg,UNMAPPED,本地重复档案待整理,STANDARD_REFERENCE_MISSING
362387880000623,MED-2026-W203-02,非诺贝特分散片,0.1g,UNMAPPED,本地重复档案待整理,STANDARD_REFERENCE_MISSING
362387880000622,MED-2026-W203-01,非诺贝特片,0.1g,UNMAPPED,本地重复档案待整理,STANDARD_REFERENCE_MISSING
362387880001945,MED-2026-T214,马应龙麝香痔疮膏软膏剂,常规说明书规格,UNMAPPED,无可匹配规格,STANDARD_REFERENCE_MISSING
362387880001725,MED-2026-T127,鳖甲煎丸,常规说明书规格,UNMAPPED,无可匹配规格,STANDARD_REFERENCE_MISSING
362387871000905,DEMO-DRUG-HUANGQI,黄芪,饮片,UNMAPPED,无可匹配规格,STANDARD_REFERENCE_MISSING
