序号,药品编码,药品类型,一级分类,二级分类,功能主治/亚类,药品通用名,英文名称(INN),拼音简码,收录剂型与规格,专科医师指导(△),跨分类重复(*),备注说明
1,MED-2026-W001,西药,一、抗微生物药,（一）青霉素类,,青霉素,Benzylpenicillin,QMS,（钾盐）注射用无菌粉末：0.25g（40 万单位）、0.5g（80 万单位）； （钠盐）注射用无菌粉末：0.24g（40 万单位）、0.48g（80 万单位）、 0.96g（ 160 万单位）、2.4g（400 万单位）,否,否,
2,MED-2026-W002,西药,一、抗微生物药,（一）青霉素类,,苄星青霉素,Benzathine Benzylpenicillin,BXQMS,注射用无菌粉末：60 万单位、120万单位,否,否,
3,MED-2026-W003,西药,一、抗微生物药,（一）青霉素类,,苯唑西林,Oxacillin,BZXL,片剂、胶囊：0.25g； 注射用无菌粉末：0.5g、1.0g、2.0g,否,否,
4,MED-2026-W004,西药,一、抗微生物药,（一）青霉素类,,氨苄西林,Ampicillin,ABXL,注射用无菌粉末：0.5g、1.0g、2.0g,否,否,
5,MED-2026-W005,西药,一、抗微生物药,（一）青霉素类,,哌拉西林,Piperacillin,PLXL,注射用无菌粉末：0.5g、1.0g、2.0g、 4.0g,否,否,
6,MED-2026-W006,西药,一、抗微生物药,（一）青霉素类,,阿莫西林,Amoxicillin,AMXL,片剂、胶囊、颗粒剂、干混悬剂： 0.125g 、0.25g,否,否,
7,MED-2026-W007,西药,一、抗微生物药,（一）青霉素类,,阿莫西林克拉维酸钾,"Amoxicillin and
Clavulanate Potassium",AMXLKLWSJ,片剂：阿莫西林∶克拉维酸=2∶1、 4 ∶1 、7 ∶1； 颗粒剂： 125mg∶31.25mg（ 4 ∶1 ）、 200mg∶28.5mg（ 7 ∶1 ）（阿莫西林∶克拉维酸）； 干混悬剂：250mg∶62.5mg（4∶1 ）、 200mg∶28.5mg（ 7 ∶1 ）（阿莫西林∶克拉维酸）； 注射用无菌粉末：250mg∶50mg（ 5 ∶1 ）、500mg∶100mg（ 5 ∶1 ）、 1000mg∶200mg（ 5 ∶1 ）（阿莫西林∶克拉维酸）,否,否,
8,MED-2026-W008,西药,一、抗微生物药,（一）青霉素类,,哌拉西林钠他唑巴坦钠,Piperacillin Sodium and Tazobactam Sodium,PLXLNTZBTN,注射用无菌粉末：2.25g（哌拉西林 2.0g 与他唑巴坦 0.25g）、4.5g（哌拉西林 4.0g 与他唑巴坦 0.5g）,否,否,
9,MED-2026-W009,西药,一、抗微生物药,（二）头孢菌素类,,头孢唑林,Cefazolin,TBZL,注射用无菌粉末：0.5g 、1.0g,否,否,
10,MED-2026-W010,西药,一、抗微生物药,（二）头孢菌素类,,头孢拉定,Cefradine,TBLD,胶囊：0.25g 、0.5g,否,否,
11,MED-2026-W011,西药,一、抗微生物药,（二）头孢菌素类,,头孢氨苄,Cefalexin,TBAB,片剂、胶囊：0. 125g 、0.25g； 颗粒剂：0.05g 、0. 125g,否,否,
12,MED-2026-W012,西药,一、抗微生物药,（二）头孢菌素类,,头孢呋辛,Cefuroxime,TBFX,（头孢呋辛酯）片剂、分散片、胶囊、干混悬剂：0. 125g 、0.25g； （钠盐）注射用无菌粉末：0.25g、 0.5g 、0.75g 、1.5g,否,否,
13,MED-2026-W013,西药,一、抗微生物药,（二）头孢菌素类,,头孢克肟,Cefixime,TBKW,片剂：50mg 、100mg； 分散片： 100mg； 胶囊： 100mg； 颗粒剂：50mg； 干混悬剂：50mg 、100mg,是,否,△
14,MED-2026-W014,西药,一、抗微生物药,（二）头孢菌素类,,头孢曲松,Ceftriaxone,TBQS,注射用无菌粉末：0.25g、0.5g、1.0g、 2.0g,否,否,
15,MED-2026-W015,西药,一、抗微生物药,（二）头孢菌素类,,头孢他啶,Ceftazidime,TBTD,注射用无菌粉末：0.25g、0.5g、1.0g、 2.0g,是,否,△
16,MED-2026-W016,西药,一、抗微生物药,（三）氨基糖苷类,,阿米卡星,Amikacin,AMKX,注射液： 1ml ∶0. 1g（ 10 万单位）、 2ml ∶0.2g（20 万单位）,否,否,
17,MED-2026-W017,西药,一、抗微生物药,（三）氨基糖苷类,,庆大霉素,Gentamycin,QDMS,注射液： 1ml ∶40mg（4 万单位）、 2ml ∶80mg（8 万单位）,否,否,
18,MED-2026-W018,西药,一、抗微生物药,（四）四环素类,,多西环素,Doxycycline,DXHS,片剂：50mg 、100mg,否,否,
19,MED-2026-W019,西药,一、抗微生物药,（四）四环素类,,米诺环素,Minocycline,MNHS,片剂：50mg； 胶囊：50mg 、100mg,否,否,
20,MED-2026-W020,西药,一、抗微生物药,（五）大环内酯类,,红霉素,Erythromycin,HMS,肠溶（片剂、胶囊）、（琥珀酸乙酯）片剂、（琥珀酸乙酯）胶囊： 0. 125g（ 12.5 万单位）、0.25g（ 25万单位）； 注射用无菌粉末：0.25g（25 万单位）、0.3g（30 万单位）、0.5g（ 50万单位）,否,否,
21,MED-2026-W021,西药,一、抗微生物药,（五）大环内酯类,,阿奇霉素,Azithromycin,AQMS,片剂、胶囊：0.25g（25 万单位）； 颗粒剂、干混悬剂：0. 1g（ 10 万单位）； 注射用无菌粉末： 0.5g（ 50 万单位）,否,否,
22,MED-2026-W022,西药,一、抗微生物药,（五）大环内酯类,,克拉霉素,Clarithromycin,KLMS,片剂、颗粒剂： 0. 125g（ 12.5 万单位）、0.25g（25 万单位）,否,否,
23,MED-2026-W023,西药,一、抗微生物药,（六）其他抗生素,,克林霉素,Clindamycin,KLMS,（盐酸盐）胶囊：0.075g 、0. 15g； （盐酸盐棕榈酸酯）颗粒剂：75mg； （磷酸酯）注射液： 1ml ∶150mg、 2ml ∶300mg 、4ml ∶600mg、 6ml ∶900mg,否,否,
24,MED-2026-W024,西药,一、抗微生物药,（六）其他抗生素,,磷霉素,Fosfomycin,LMS,（钠盐）注射用无菌粉末： 1.0g（ 100 万单位）、2.0g（200 万单位）、 4.0g（400 万单位）； （氨丁三醇）散剂：3.0g（300 万单位）,否,否,
25,MED-2026-W025,西药,一、抗微生物药,（六）其他抗生素,,夫西地酸,Fusidic Acid,FXDS,注射用无菌粉末：0. 125g 、0.25g、 0.5g,是,否,△
26,MED-2026-W026,西药,一、抗微生物药,（七）磺胺类,,复方磺胺甲噁（ 恶）唑,"Compound
Sulfamethoxazole",FFHAJEEZ,片剂：400mg∶80mg； 注射液：5ml ∶400mg∶80mg［磺胺甲噁（ 恶 ）唑∶甲氧苄啶］,否,否,
27,MED-2026-W027,西药,一、抗微生物药,（七）磺胺类,,磺胺嘧啶,Sulfadiazine,HAMD,片剂：0.5g； 注射液：2ml ∶0.4g 、5ml ∶1g,否,否,
28,MED-2026-W028,西药,一、抗微生物药,（八）喹诺酮类,,诺氟沙星,Norfloxacin,NFSX,片剂、胶囊：0. 1g,否,否,
29,MED-2026-W029,西药,一、抗微生物药,（八）喹诺酮类,,环丙沙星,Ciprofloxacin,HBSX,（盐酸盐）片剂：0.25g 、0.5g （乳酸盐）氯化钠注射液：100ml ∶0.2g,否,否,
30,MED-2026-W030,西药,一、抗微生物药,（八）喹诺酮类,,左氧氟沙星,Levofloxacin,ZYFSX,片剂：0.25g 、0.5g； 氯化钠注射液：50ml ∶0.25g、 100ml ∶0.5g,否,否,
31,MED-2026-W031,西药,一、抗微生物药,（八）喹诺酮类,,莫西沙星,Moxifloxacin,MXSX,片剂：0.4g； 氯化钠注射液：250ml（莫西沙星0.4g 与氯化钠 2.0g）,否,否,
32,MED-2026-W032,西药,一、抗微生物药,（九）硝基咪唑类,,甲硝唑,Metronidazole,JXZ,片剂、胶囊：0.2g； 氯化钠注射液： 100ml ∶0.5g,否,否,
33,MED-2026-W033,西药,一、抗微生物药,（九）硝基咪唑类,,替硝唑,Tinidazole,TXZ,片剂：0.5g,否,否,
34,MED-2026-W034,西药,一、抗微生物药,（十）硝基呋喃类,,呋喃妥因,Nitrofurantoin,FNTY,肠溶片：50mg,否,否,
35,MED-2026-W035,西药,一、抗微生物药,（十一）抗结核病药,,结核病用药,,JHBYY,,是,否,注释 1 △
36,MED-2026-W036,西药,一、抗微生物药,（十二）抗麻风病药,,氨苯砜,Dapsone,ABF,片剂：50mg 、100mg,否,否,
37,MED-2026-W037,西药,一、抗微生物药,（十三）抗真菌药,,氟康唑,Fluconazole,FKZ,片剂、胶囊：50mg、100mg、150mg； 氯化钠注射液： 100ml ∶0.2g,否,否,
38,MED-2026-W038,西药,一、抗微生物药,（十三）抗真菌药,,伊曲康唑,Itraconazole,YQKZ,分散片：0. 1g； 颗粒剂：0. 1g； 胶囊：0. 1g； 口服溶液剂： 150ml ∶1.5g,否,否,
39,MED-2026-W039,西药,一、抗微生物药,（十三）抗真菌药,,两性霉素,"B
Amphotericin B",LXMS,注射用无菌粉末：5mg（5000 单 位）、25mg（2.5 万单位）、50mg 注射用脂质体：50mg（5 万单位）,否,否,
40,MED-2026-W040,西药,一、抗微生物药,（十三）抗真菌药,,卡泊芬净,Caspofungin,KPFJ,注射用无菌粉末：50mg 、70mg,否,否,
41,MED-2026-W041,西药,一、抗微生物药,（十四）其他抗菌药,,小檗碱,Berberine,XBJ,片剂：50mg 、100mg,否,否,
42,MED-2026-W042,西药,一、抗微生物药,（十五）抗病毒药,,阿昔洛韦,Aciclovir,AXLW,片剂：0. 1g 、0.2g； 胶囊：0.2g； 注射用无菌粉末：0.25g,否,否,
43,MED-2026-W043,西药,一、抗微生物药,（十五）抗病毒药,,更昔洛韦,Ganciclovir,GXLW,注射用无菌粉末：0.05g 、0. 15g、 0.25g 、0.5g,否,否,
44,MED-2026-W044,西药,一、抗微生物药,（十五）抗病毒药,,奥司他韦,Oseltamivir,ASTW,胶囊：30mg 、45mg 、75mg； 颗粒剂： 15mg 、25mg； 干混悬剂：0.36g,否,否,
45,MED-2026-W045,西药,一、抗微生物药,（十五）抗病毒药,,恩替卡韦,Entecavir,ETKW,片剂、分散片：0.5mg 、1mg； 胶囊：0.5mg； 口服溶液剂：210ml ∶10.5mg,是,否,△
46,MED-2026-W046,西药,一、抗微生物药,（十五）抗病毒药,,利巴韦林,Ribavirin,LBWL,片剂、胶囊：0. 1g,否,否,
47,MED-2026-W047,西药,一、抗微生物药,（十五）抗病毒药,,索磷布韦维帕他韦,Sofosbuvir and Velpatasvir,SLBWWPTW,片剂：每片含 400mg 索磷布韦和100mg 维帕他韦,是,否,△
48,MED-2026-W048,西药,一、抗微生物药,（十五）抗病毒药,,替诺福韦二吡呋酯,Tenofovir Disoproxil,TNFWEBFZ,片剂、胶囊：0.3g,是,否,△
49,MED-2026-W049,西药,一、抗微生物药,（十五）抗病毒药,,丙酚替诺福韦,TenofovirAlafenamide,BFTNFW,片剂：25mg,是,否,△
50,MED-2026-W050,西药,一、抗微生物药,（十五）抗病毒药,,人干扰素,Human Interferon,RGRS,人干扰素α1b注射液：10μg∶0.5ml、 30μg∶1ml注射用人干扰素α1b ∶10μg 、30μg人干扰素α2a 注射液、注射用人干扰素α2a ∶300 万 IU 、500 万 IU人干扰素α2b 注射液、注射用人干扰素α2b ∶300 万 IU 、500 万 IU,是,否,△
51,MED-2026-W051,西药,一、抗微生物药,（十五）抗病毒药,,艾滋病用药,,AZBYY,,是,否,注释 2 △
52,MED-2026-W052,西药,二、抗寄生虫病药,（一）抗疟药,,氯喹,Chloroquine,LK,片剂：250mg； 注射液：5ml ∶322mg,否,否,
53,MED-2026-W053,西药,二、抗寄生虫病药,（一）抗疟药,,羟氯喹,Hydroxychloroquine,QLK,片剂：0. 1g 、0.2g,是,否,△
54,MED-2026-W054,西药,二、抗寄生虫病药,（一）抗疟药,,伯氨喹,Primaquine,BAK,片剂： 13.2mg,否,否,
55,MED-2026-W055,西药,二、抗寄生虫病药,（一）抗疟药,,乙胺嘧啶,Pyrimethamine,YAMD,片剂：6.25mg,否,否,
56,MED-2026-W056,西药,二、抗寄生虫病药,（一）抗疟药,,青蒿素类药物,,QHSLYW,,否,否,注释 3
*（32）,MED-2026-W032,西药,二、抗寄生虫病药,（二）抗阿米巴病药及抗滴虫病药,,甲硝唑,Metronidazole,JXZ,片剂、胶囊：0.2g； 氯化钠注射液： 100ml ∶0.5g,否,是,
57,MED-2026-W057,西药,二、抗寄生虫病药,（三）抗利什曼原虫病药,,葡萄糖酸锑钠,Sodium Stibogluconate,PTTSTN,注射液：6ml（按锑计 0.6g，约相当于葡萄糖酸锑钠 1.9g）,否,否,
58,MED-2026-W058,西药,二、抗寄生虫病药,（四）抗血吸虫病药,,吡喹酮,Praziquantel,BKT,片剂：0.2g,否,否,
59,MED-2026-W059,西药,二、抗寄生虫病药,（五）驱肠虫药,,阿苯达唑,Albendazole,ABDZ,片剂、胶囊：0. 1g 、0.2g,否,否,
60,MED-2026-W060,西药,三、麻醉药,（一）局部麻醉药,,利多卡因,Lidocaine,LDKY,（碳酸盐）注射液：5ml ∶86.5mg、 10ml ∶0.173g； （盐酸盐）注射液：2ml ∶4mg、 5ml ∶0.1g 、10ml ∶0.2g； 凝胶剂：2%； 胶浆剂： 10g∶0.2g,否,否,
61,MED-2026-W061,西药,三、麻醉药,（一）局部麻醉药,,布比卡因,Bupivacaine,BBKY,注射液：5ml ∶25mg 、5ml ∶37.5mg、 10ml ∶75mg,是,否,△
62,MED-2026-W062,西药,三、麻醉药,（一）局部麻醉药,,罗哌卡因,Ropivacaine,LPKY,（盐酸盐）注射液： 10ml ∶75mg、 10ml ∶100mg,是,否,△
63,MED-2026-W063,西药,三、麻醉药,（一）局部麻醉药,,丁卡因,Tetracaine,DKY,注射用无菌粉末： 10mg 、25mg、 50mg； 凝胶剂： 1.5g∶70mg,是,否,△
64,MED-2026-W064,西药,三、麻醉药,（二）全身麻醉药,,氯胺酮,Ketamine,LAT,注射液：2ml ∶0. 1g 、10ml ∶0. 1g,是,否,△
65,MED-2026-W065,西药,三、麻醉药,（二）全身麻醉药,,丙泊酚,Propofol,BPF,乳状注射液： 10ml ∶0. 1g、 20ml ∶0.2g 、50ml ∶0.5g 、50ml ∶1g,是,否,△
66,MED-2026-W066,西药,三、麻醉药,（二）全身麻醉药,,瑞芬太尼,Remifentanil,RFTN,注射用无菌粉末：1mg、2mg、5mg,是,否,△
67,MED-2026-W067,西药,三、麻醉药,（二）全身麻醉药,,七氟烷,Sevoflurane,QFW,吸入溶液剂：100ml、120ml、250ml,是,否,△
68,MED-2026-W068,西药,三、麻醉药,（三）肌肉松弛药,,罗库溴铵,Rocuronium Bromide,LKXA,注射液：2.5ml ∶25mg 、5ml ∶50mg,是,否,△
69,MED-2026-W069,西药,三、麻醉药,（三）肌肉松弛药,,氯化琥珀胆碱,Suxamethonium Chloride,LHHPDJ,注射液： 1ml ∶50mg 、2ml ∶100mg,否,否,
70,MED-2026-W070,西药,三、麻醉药,（三）肌肉松弛药,,维库溴铵,Vecuronium Bromide,WKXA,注射用无菌粉末：4mg,否,否,
71,MED-2026-W071,西药,四、镇痛、解热、抗炎、抗风湿、抗痛风药,（一）镇痛药,,芬太尼,Fentanyl,FTN,注射液：2ml ∶0. 1mg贴剂,是,否,△
72,MED-2026-W072,西药,四、镇痛、解热、抗炎、抗风湿、抗痛风药,（一）镇痛药,,哌替啶,Pethidine,PTD,注射液： 1ml ∶50mg 、2ml ∶100mg,是,否,△
73,MED-2026-W073,西药,四、镇痛、解热、抗炎、抗风湿、抗痛风药,（一）镇痛药,,吗啡,Morphine,MF,片剂、缓释片、口服溶液剂、注射液,是,否,△
74,MED-2026-W074,西药,四、镇痛、解热、抗炎、抗风湿、抗痛风药,（一）镇痛药,,羟考酮,Oxycodone,QKT,缓释片：5mg 、10mg 、40mg； 注射液： 1ml ∶10mg,是,否,△
75,MED-2026-W075,西药,四、镇痛、解热、抗炎、抗风湿、抗痛风药,（一）镇痛药,,普瑞巴林,Pregabalin,PRBL,胶囊：75mg 、150mg； 口服溶液剂： 100ml ∶2g,否,否,
76,MED-2026-W076,西药,四、镇痛、解热、抗炎、抗风湿、抗痛风药,（二）解热镇痛、抗炎、抗风湿药,,对乙酰氨基酚,Paracetamol,DYXAJF,片剂：0.3g 、0.5g； 口服溶液剂： 100ml ∶2.4g颗粒剂、混悬液、干混悬剂、栓剂,否,否,
77,MED-2026-W077,西药,四、镇痛、解热、抗炎、抗风湿、抗痛风药,（二）解热镇痛、抗炎、抗风湿药,,阿司匹林,Aspirin,ASPL,片剂：0.3g 、0.5g； 肠溶片：0.3g,否,否,
78,MED-2026-W078,西药,四、镇痛、解热、抗炎、抗风湿、抗痛风药,（二）解热镇痛、抗炎、抗风湿药,,布洛芬,Ibuprofen,BLF,片剂、颗粒剂：0. 1g 、0.2g； 胶囊：0.2g； 缓释（片剂、胶囊）：0.3g； 混悬液：60ml ∶1.2g 、100ml ∶2g,否,否,
79,MED-2026-W079,西药,四、镇痛、解热、抗炎、抗风湿、抗痛风药,（二）解热镇痛、抗炎、抗风湿药,,双氯芬酸钠,Diclofenac Sodium,SLFSN,肠溶片：25mg； 缓释片剂：50mg 、75mg 、100mg； 缓释胶囊：50mg 、100mg,否,否,
80,MED-2026-W080,西药,四、镇痛、解热、抗炎、抗风湿、抗痛风药,（二）解热镇痛、抗炎、抗风湿药,,洛索洛芬钠,Loxoprofen Sodium,LSLFN,片剂：60mg,否,否,
81,MED-2026-W081,西药,四、镇痛、解热、抗炎、抗风湿、抗痛风药,（二）解热镇痛、抗炎、抗风湿药,,氟比洛芬酯,Flurbinprofen Axetil,FBLFZ,注射液：5ml ∶50mg,否,否,
82,MED-2026-W082,西药,四、镇痛、解热、抗炎、抗风湿、抗痛风药,（二）解热镇痛、抗炎、抗风湿药,,吲哚美辛,Indometacin,YDMX,栓剂：25mg 、50mg 、100mg,否,否,
*（53）,MED-2026-W053,西药,四、镇痛、解热、抗炎、抗风湿、抗痛风药,（二）解热镇痛、抗炎、抗风湿药,,羟氯喹,Hydroxychloroquine,QLK,片剂：0. 1g 、0.2g,是,是,△
83,MED-2026-W083,西药,四、镇痛、解热、抗炎、抗风湿、抗痛风药,（二）解热镇痛、抗炎、抗风湿药,,来氟米特,Leflunomide,LFMT,片剂：5mg 、10mg 、20mg,是,否,△
84,MED-2026-W084,西药,四、镇痛、解热、抗炎、抗风湿、抗痛风药,（二）解热镇痛、抗炎、抗风湿药,,美沙拉秦（美沙拉嗪）,Mesalazine,MSLQMSLQ,肠溶片：0.25g 、0.5g； 缓释片：0.5g； 栓剂：0.5g 、1g； 缓释颗粒：0.5g； 灌肠剂：60g∶4g,否,否,
85,MED-2026-W085,西药,四、镇痛、解热、抗炎、抗风湿、抗痛风药,（二）解热镇痛、抗炎、抗风湿药,,青霉胺,Penicillamine,QMA,片剂：0. 125g,是,否,△
86,MED-2026-W086,西药,四、镇痛、解热、抗炎、抗风湿、抗痛风药,（三）抗痛风药,,别嘌醇,Allopurinol,BPC,片剂：0. 1g,否,否,
87,MED-2026-W087,西药,四、镇痛、解热、抗炎、抗风湿、抗痛风药,（三）抗痛风药,,非布司他,Febuxostat,FBST,片剂：20mg 、40mg 、80mg,否,否,
88,MED-2026-W088,西药,四、镇痛、解热、抗炎、抗风湿、抗痛风药,（三）抗痛风药,,秋水仙碱,Colchicine,QSXJ,片剂：0.5mg,否,否,
89,MED-2026-W089,西药,四、镇痛、解热、抗炎、抗风湿、抗痛风药,（三）抗痛风药,,苯溴马隆,Benzbromarone,BXML,片剂、胶囊：50mg,否,否,
90,MED-2026-W090,西药,五、神经系统用药,（一）抗震颤麻痹药,,金刚烷胺,Amantadine,JGWA,片剂：0. 1g,否,否,
91,MED-2026-W091,西药,五、神经系统用药,（一）抗震颤麻痹药,,苯海索,Trihexyphenidyl,BHS,片剂：2mg,否,否,
92,MED-2026-W092,西药,五、神经系统用药,（一）抗震颤麻痹药,,多巴丝肼,Levodopa and Benserazide Hydrochloride,DBSJ,片剂、胶囊：0.125g（0.1g∶0.025g）、 0.25g（0.2g∶0.05g）（左旋多巴∶苄丝肼）,否,否,
93,MED-2026-W093,西药,五、神经系统用药,（一）抗震颤麻痹药,,普拉克索,Pramipexole,PLKS,片剂：0. 125mg 、0.25mg 、1.0mg； 缓释片：0.375mg、0.75mg、1.5mg、 3.0mg 、4.5mg,是,否,△
94,MED-2026-W094,西药,五、神经系统用药,（一）抗震颤麻痹药,,恩他卡朋,Entacapone,ETKP,片剂：0.2g,否,否,
95,MED-2026-W095,西药,五、神经系统用药,（一）抗震颤麻痹药,,溴隐亭,Bromocriptine,XYT,片剂：2.5mg,否,否,
96,MED-2026-W096,西药,五、神经系统用药,（二）抗重症肌无力药,,新斯的明,Neostigmine,XSDM,注射液： 1ml ∶0.5mg 、2ml ∶1mg、 4ml ∶2mg,否,否,
97,MED-2026-W097,西药,五、神经系统用药,（二）抗重症肌无力药,,溴吡斯的明,Pyridostigmine Bromide,XBSDM,片剂：60mg,否,否,
98,MED-2026-W098,西药,五、神经系统用药,（三）抗癫痫药,,卡马西平,Carbamazepine,KMXP,片剂：0. 1g 、0.2g； 缓释片：0. 1g 、0.2g 、0.4g,否,否,
99,MED-2026-W099,西药,五、神经系统用药,（三）抗癫痫药,,奥卡西平,Oxcarbazepine,AKXP,片剂：0. 15g 、0.3g； 混悬液：60mg/ml,否,否,
100,MED-2026-W100,西药,五、神经系统用药,（三）抗癫痫药,,丙戊酸钠,Sodium Valproate,BWSN,片剂：0. 1g 、0.2g； 缓释片：0.5g； 口服溶液剂：300ml ∶12g； 注射用浓溶液：3ml ∶0.3g、 4ml ∶0.4g 、5ml ∶0.5g,否,否,
101,MED-2026-W101,西药,五、神经系统用药,（三）抗癫痫药,,苯妥英钠,Phenytoin Sodium,BTYN,片剂：50mg 、100mg,否,否,
102,MED-2026-W102,西药,五、神经系统用药,（三）抗癫痫药,,苯巴比妥,Phenobarbital,BBBT,片剂： 15mg 、30mg 、100mg； 注射液： 1ml ∶0. 1g 、2ml ∶0.2g； 注射用无菌粉末：0. 1g,否,否,
103,MED-2026-W103,西药,五、神经系统用药,（三）抗癫痫药,,拉莫三嗪,Lamotrigine,LMSQ,片剂：25mg 、50mg 、100mg； 分散片：25mg 、50mg,否,否,
104,MED-2026-W104,西药,五、神经系统用药,（三）抗癫痫药,,左乙拉西坦,Levetiracetam,ZYLXT,片剂：0.25g 、0.5g； 缓释片：0.5g 、0.75g； 口服溶液剂： 100ml ∶10g、 150ml ∶15g 、300ml ∶30g 注射用浓溶液：5ml ∶0.5g,否,否,
105,MED-2026-W105,西药,五、神经系统用药,（四）脑血管病用药及降颅压药,,尼莫地平,Nimodipine,NMDP,片剂、胶囊：20mg 、30mg； 注射液：50ml ∶10mg,否,否,
106,MED-2026-W106,西药,五、神经系统用药,（四）脑血管病用药及降颅压药,,甘露醇,Mannitol,GLC,注射液：50ml ∶10g 、 100ml ∶20g、 250ml ∶50g； 注射液：3000ml ∶150g（冲洗用）,否,否,
107,MED-2026-W107,西药,五、神经系统用药,（四）脑血管病用药及降颅压药,,倍他司汀,Betahistine,BTST,（盐酸盐）片剂：4mg； （甲磺酸盐）片剂：6mg,否,否,
108,MED-2026-W108,西药,五、神经系统用药,（四）脑血管病用药及降颅压药,,氟桂利嗪,Flunarizine,FGLQ,片剂、胶囊：5mg,否,否,
109,MED-2026-W109,西药,五、神经系统用药,（四）脑血管病用药及降颅压药,,丁苯酞,Butylphthalide,DBT,软胶囊：0. 1g； 氯化钠注射液： 100ml ∶25mg,是,否,△
110,MED-2026-W110,西药,五、神经系统用药,（四）脑血管病用药及降颅压药,,依达拉奉右莰醇,Edaravone and Dexborneol,YDLFYKC,注射用浓溶液：5ml：依达拉奉10mg 与右莰醇 2.5mg,是,否,△
111,MED-2026-W111,西药,五、神经系统用药,（五）中枢兴奋药,,胞磷胆碱钠,Citicoline Sodium,BLDJN,注射液：2ml ∶0.25g 、4ml ∶0.5g,否,否,
112,MED-2026-W112,西药,五、神经系统用药,（五）中枢兴奋药,,尼可刹米,Nikethamide,NKSM,注射液： 1.5ml ∶0.375g 、2ml ∶0.5g,否,否,
113,MED-2026-W113,西药,五、神经系统用药,（五）中枢兴奋药,,洛贝林,Lobeline,LBL,注射液： 1ml ∶3mg 、1ml ∶10mg,否,否,
114,MED-2026-W114,西药,五、神经系统用药,（六）抗痴呆药,,石杉碱甲,HuperzineA,SSJJ,片剂、胶囊：50μg,否,否,
115,MED-2026-W115,西药,五、神经系统用药,（六）抗痴呆药,,多奈哌齐,Donepezil,DNPQ,片剂：5mg 、10mg； 分散片：5mg； 口崩片：5mg,否,否,
116,MED-2026-W116,西药,六、治疗精神障碍药,（一）抗精神病药,,奋乃静,Perphenazine,FNJ,片剂：2mg 、4mg； 注射液： 1ml ∶5mg,是,否,△
117,MED-2026-W117,西药,六、治疗精神障碍药,（一）抗精神病药,,氯丙嗪,Chlorpromazine,LBQ,片剂： 12.5mg 、25mg 、50mg； 注射液： 1ml ∶10mg 、1ml ∶25mg、 2ml ∶50mg,否,否,
118,MED-2026-W118,西药,六、治疗精神障碍药,（一）抗精神病药,,氟哌啶醇,Haloperidol,FPDC,片剂：2mg 、4mg； 注射液： 1ml ∶5mg,是,否,△
119,MED-2026-W119,西药,六、治疗精神障碍药,（一）抗精神病药,,舒必利,Sulpiride,SBL,片剂： 10mg 、50mg 、100mg,否,否,
120,MED-2026-W120,西药,六、治疗精神障碍药,（一）抗精神病药,,氨磺必利,Amisulpride,AHBL,片剂：50mg 、200mg,是,否,△
121,MED-2026-W121,西药,六、治疗精神障碍药,（一）抗精神病药,,癸氟奋乃静,Fluphenazine Decanoate,GFFNJ,注射液： 1ml ∶25mg,是,否,△
122,MED-2026-W122,西药,六、治疗精神障碍药,（一）抗精神病药,,氯氮平,Clozapine,LDP,片剂：25mg 、50mg； 口崩片：25mg 、100mg,是,否,△
123,MED-2026-W123,西药,六、治疗精神障碍药,（一）抗精神病药,,奥氮平,Olanzapine,ADP,片剂：5mg 、10mg； 口崩片：5mg,是,否,△
124,MED-2026-W124,西药,六、治疗精神障碍药,（一）抗精神病药,,利培酮,Risperidone,LPT,片剂： 1mg 、2mg； 口崩片： 1mg； 口服溶液剂：0.1%,是,否,△
125,MED-2026-W125,西药,六、治疗精神障碍药,（一）抗精神病药,,帕利哌酮,Paliperidone,PLPT,缓释片：3mg 、6mg 、9mg； （棕榈酸酯）注射液：0.75ml ∶75mg、 1.0ml ∶100mg 、1.5ml ∶150mg,是,否,△
126,MED-2026-W126,西药,六、治疗精神障碍药,（一）抗精神病药,,喹硫平,Quetiapine,KLP,片剂：25mg 、100mg,是,否,△
127,MED-2026-W127,西药,六、治疗精神障碍药,（一）抗精神病药,,阿立哌唑,Aripiprazole,ALPZ,片剂、口崩片：5mg 、10mg,是,否,△
128,MED-2026-W128,西药,六、治疗精神障碍药,（一）抗精神病药,,五氟利多,Penfluridol,WFLD,片剂：20mg,是,否,△
129,MED-2026-W129,西药,六、治疗精神障碍药,（一）抗精神病药,,鲁拉西酮,Lurasidone,LLXT,片剂：20mg 、40mg 、80mg,是,否,△
130,MED-2026-W130,西药,六、治疗精神障碍药,（二）抗抑郁药,,帕罗西汀,Paroxetine,PLXT,片剂：20mg； 肠溶缓释片：12.5mg、25mg、37.5mg,是,否,△
131,MED-2026-W131,西药,六、治疗精神障碍药,（二）抗抑郁药,,氟西汀,Fluoxetine,FXT,片剂： 10mg； 胶囊：20mg； 分散片：20mg,是,否,△
132,MED-2026-W132,西药,六、治疗精神障碍药,（二）抗抑郁药,,阿米替林,Amitriptyline,AMTL,片剂：25mg,否,否,
133,MED-2026-W133,西药,六、治疗精神障碍药,（二）抗抑郁药,,多塞平,Doxepin,DSP,片剂：25mg,是,否,△
134,MED-2026-W134,西药,六、治疗精神障碍药,（二）抗抑郁药,,米氮平,Mirtazapine,MDP,片剂： 15mg 、30mg,是,否,△
135,MED-2026-W135,西药,六、治疗精神障碍药,（二）抗抑郁药,,氯米帕明,Clomipramine,LMPM,片剂： 10mg 、25mg； 注射液：2ml ∶25mg,是,否,△
136,MED-2026-W136,西药,六、治疗精神障碍药,（二）抗抑郁药,,艾司西酞普兰,Escitalopram,ASXTPL,片剂：5mg 、10mg 、20mg,是,否,△
137,MED-2026-W137,西药,六、治疗精神障碍药,（二）抗抑郁药,,文拉法辛,Venlafaxine,WLFX,片剂、胶囊：25mg 、50mg； 缓释片：75mg； 缓释胶囊：75mg 、150mg,是,否,△
138,MED-2026-W138,西药,六、治疗精神障碍药,（二）抗抑郁药,,舍曲林,Sertraline,SQL,片剂：25mg 、50mg 、100mg； 胶囊：50mg,是,否,△
139,MED-2026-W139,西药,六、治疗精神障碍药,（三）抗焦虑药,,地西泮,Diazepam,DXP,片剂：2.5mg 、5mg； 注射液：2ml ∶10mg,是,否,注射液△
140,MED-2026-W140,西药,六、治疗精神障碍药,（三）抗焦虑药,,氯硝西泮,Clonazepam,LXXP,片剂：0.5mg 、2mg,是,否,△
141,MED-2026-W141,西药,六、治疗精神障碍药,（三）抗焦虑药,,劳拉西泮,Lorazepam,LLXP,片剂：0.5mg 、1mg,否,否,
142,MED-2026-W142,西药,六、治疗精神障碍药,（三）抗焦虑药,,艾司唑仑,Estazolam,ASZL,片剂： 1mg 、2mg,否,否,
143,MED-2026-W143,西药,六、治疗精神障碍药,（三）抗焦虑药,,阿普唑仑,Alprazolam,APZL,片剂：0.4mg,否,否,
144,MED-2026-W144,西药,六、治疗精神障碍药,（三）抗焦虑药,,坦度螺酮,Tandospirone,TDLT,片剂、胶囊：5mg 、10mg,否,否,
145,MED-2026-W145,西药,六、治疗精神障碍药,（三）抗焦虑药,,丁螺环酮,Buspirone,DLHT,片剂：5mg,否,否,
146,MED-2026-W146,西药,六、治疗精神障碍药,（四）抗躁狂药,,碳酸锂,Lithium Carbonate,TSL,片剂：0.25g； 缓释片：0.3g,是,否,△
*（139）,MED-2026-W139,西药,六、治疗精神障碍药,（五）镇静催眠药,,地西泮,Diazepam,DXP,片剂：2.5mg 、5mg； 注射液：2ml ∶10mg,是,是,注射液△
147,MED-2026-W147,西药,六、治疗精神障碍药,（五）镇静催眠药,,佐匹克隆,Zopiclone,ZPKL,片剂：3.75mg 、7.5mg,否,否,
148,MED-2026-W148,西药,六、治疗精神障碍药,（五）镇静催眠药,,右佐匹克隆,Dexzopiclone,YZPKL,片剂： 1mg 、2mg 、3mg,否,否,
149,MED-2026-W149,西药,六、治疗精神障碍药,（五）镇静催眠药,,咪达唑仑,Midazolam,MDZL,片剂： 15mg； 口服溶液剂：0.2%； 注射液： 1ml ∶5mg 、2ml ∶10mg,是,否,△
150,MED-2026-W150,西药,六、治疗精神障碍药,（五）镇静催眠药,,唑吡坦,Zolpidem,ZBT,片剂：5mg 、10mg,是,否,△
151,MED-2026-W151,西药,七、心血管系统用药,（一）抗心绞痛药,,硝酸甘油,Nitroglycerin,XSGY,片剂：0.5mg； 舌下片：0.6mg； 注射液： 1ml ∶5mg,否,否,
152,MED-2026-W152,西药,七、心血管系统用药,（一）抗心绞痛药,,硝酸异山梨酯,Isosorbide Dinitrate,XSYSLZ,片剂：5mg； 注射液： 10ml ∶10mg； 氯化钠注射液、葡萄糖注射液： 100ml ∶10mg,否,否,
153,MED-2026-W153,西药,七、心血管系统用药,（一）抗心绞痛药,,单硝酸异山梨酯,Isosorbide Mononitrate,DXSYSLZ,片剂： 10mg 、20mg； 缓释片：30mg、40mg、50mg、60mg； 缓释胶囊：40mg 、50mg； 注射液： 1ml ∶10mg 、5ml ∶20mg,否,否,
154,MED-2026-W154,西药,七、心血管系统用药,（一）抗心绞痛药,,硝苯地平,Nifedipine,XBDP,片剂：5mg 、10mg,否,否,
155,MED-2026-W155,西药,七、心血管系统用药,（一）抗心绞痛药,,地尔硫䓬,Diltiazem,DEL,片剂：30mg； 缓释胶囊：90mg,否,否,
156,MED-2026-W156,西药,七、心血管系统用药,（一）抗心绞痛药,,尼可地尔,Nicorandil,NKDE,片剂：5mg,否,否,
157,MED-2026-W157,西药,七、心血管系统用药,（一）抗心绞痛药,,曲美他嗪,Trimetazidine,QMTQ,片剂：20mg； 缓释片：35mg,否,否,
158,MED-2026-W158,西药,七、心血管系统用药,（二）抗心律失常药,,美西律,Mexiletine,MXL,片剂：50mg 、100mg,否,否,
159,MED-2026-W159,西药,七、心血管系统用药,（二）抗心律失常药,,普罗帕酮,Propafenone,PLPT,片剂：50mg 、100mg 、150mg； 注射液： 10ml ∶35mg 、20ml ∶70mg,否,否,
160,MED-2026-W160,西药,七、心血管系统用药,（二）抗心律失常药,,普萘洛尔,Propranolol,PNLE,片剂： 10mg,否,否,
161,MED-2026-W161,西药,七、心血管系统用药,（二）抗心律失常药,,阿替洛尔,Atenolol,ATLE,片剂： 12.5mg 、25mg 、50mg,否,否,
162,MED-2026-W162,西药,七、心血管系统用药,（二）抗心律失常药,,美托洛尔,Metoprolol,MTLE,（酒石酸盐）片剂：25mg 、50mg （琥珀酸盐）缓释（片、胶囊）：47.5mg； （酒石酸盐）注射液：5ml ∶5mg,否,否,
163,MED-2026-W163,西药,七、心血管系统用药,（二）抗心律失常药,,艾司洛尔,Esmolol,ASLE,注射液： 1ml ∶0. 1g 、2ml ∶0.2g、 10ml ∶0.1g,否,否,
164,MED-2026-W164,西药,七、心血管系统用药,（二）抗心律失常药,,索他洛尔,Sotalol,STLE,片剂：80mg,否,否,
165,MED-2026-W165,西药,七、心血管系统用药,（二）抗心律失常药,,胺碘酮,Amiodarone,ADT,片剂：0.2g； 注射液：2ml ∶0. 15g 、3ml ∶0. 15g,否,否,
166,MED-2026-W166,西药,七、心血管系统用药,（二）抗心律失常药,,维拉帕米,Verapamil,WLPM,片剂：40mg； 注射液：2ml ∶5mg,否,否,
167,MED-2026-W167,西药,七、心血管系统用药,（二）抗心律失常药,,伊布利特,Ibutilide,YBLT,注射液： 10ml ∶1mg,是,否,△
168,MED-2026-W168,西药,七、心血管系统用药,（二）抗心律失常药,,莫雷西嗪,Moracizine,MLXQ,片剂：50mg,否,否,
169,MED-2026-W169,西药,七、心血管系统用药,（三）抗心力衰竭药,,地高辛,Digoxin,DGX,片剂：0.25mg； 口服溶液剂： 10ml ∶0.5mg、 30ml ∶1.5mg 、50ml ∶2.5mg、 100ml ∶5mg； 注射液：2ml ∶0.5mg,是,否,△
170,MED-2026-W170,西药,七、心血管系统用药,（三）抗心力衰竭药,,去乙酰毛花苷,Deslanoside,QYXMHG,注射液：2ml ∶0.4mg,否,否,
171,MED-2026-W171,西药,七、心血管系统用药,（三）抗心力衰竭药,,伊伐布雷定,Ivabradine,YFBLD,片剂：5mg 、7.5mg,否,否,
172,MED-2026-W172,西药,七、心血管系统用药,（三）抗心力衰竭药,,米力农,Milrinone,MLN,注射液：5ml ∶5mg 、10ml ∶10mg,是,否,△
173,MED-2026-W173,西药,七、心血管系统用药,（四）抗高血压药,,卡托普利,Captopril,KTPL,片剂： 12.5mg 、25mg,否,否,
174,MED-2026-W174,西药,七、心血管系统用药,（四）抗高血压药,,依那普利,Enalapril,YNPL,片剂：2.5mg 、5mg 、10mg,否,否,注释 4
175,MED-2026-W175,西药,七、心血管系统用药,（四）抗高血压药,,赖诺普利,Lisinopril,LNPL,片剂、胶囊：5mg 、10mg,否,否,
176,MED-2026-W176,西药,七、心血管系统用药,（四）抗高血压药,,培哚普利叔丁胺,Perindopril tert-Butylamine,PDPLSDA,片剂：2mg 、4mg 、8mg,否,否,
177,MED-2026-W177,西药,七、心血管系统用药,（四）抗高血压药,,缬沙坦,Valsartan,XST,片剂、胶囊：80mg,否,否,
178,MED-2026-W178,西药,七、心血管系统用药,（四）抗高血压药,,替米沙坦,Telmisartan,TMST,片剂：20mg 、40mg 、80mg； 胶囊：40mg,否,否,
179,MED-2026-W179,西药,七、心血管系统用药,（四）抗高血压药,,厄贝沙坦,Irbesartan,EBST,片剂：0.075g 、0. 15g； 分散片：0. 15g,否,否,
180,MED-2026-W180,西药,七、心血管系统用药,（四）抗高血压药,,缬沙坦氨氯地平,Valsartan and Amlodipine,XSTALDP,片剂(Ⅰ)：每片含缬沙坦 80mg、氨氯地平 5mg； 片剂(Ⅱ)：每片含缬沙坦 160mg、氨氯地平 5mg,否,否,
181,MED-2026-W181,西药,七、心血管系统用药,（四）抗高血压药,,硝普钠,Sodium Nitroprusside,XPN,注射用无菌粉末：50mg,否,否,
182,MED-2026-W182,西药,七、心血管系统用药,（四）抗高血压药,,硫酸镁,Magnesium Sulfate,LSM,注射液：2ml ∶1g 、10ml ∶1g、 10ml ∶2.5g 、10ml ∶5g 、20ml ∶10g,否,否,
183,MED-2026-W183,西药,七、心血管系统用药,（四）抗高血压药,,尼群地平,Nitrendipine,NQDP,片剂： 10mg,否,否,
*（154）,MED-2026-W154,西药,七、心血管系统用药,（四）抗高血压药,,硝苯地平,Nifedipine,XBDP,片剂：5mg 、10mg； 缓释片： 10mg 、20mg 、30mg,否,是,
184,MED-2026-W184,西药,七、心血管系统用药,（四）抗高血压药,,非洛地平,Felodipine,FLDP,片剂、缓释片：2.5mg 、5mg,否,否,
185,MED-2026-W185,西药,七、心血管系统用药,（四）抗高血压药,,氨氯地平,Amlodipine,ALDP,（苯磺酸盐、马来酸盐）片剂： 5mg,否,否,
186,MED-2026-W186,西药,七、心血管系统用药,（四）抗高血压药,,左氨氯地平,Levamlodipine,ZALDP,（苯磺酸盐）片剂：2.5mg 、5mg； （马来酸盐）片剂：2.5mg,否,否,
187,MED-2026-W187,西药,七、心血管系统用药,（四）抗高血压药,,比索洛尔,Bisoprolol,BSLE,片剂：2.5mg 、5mg,否,否,
188,MED-2026-W188,西药,七、心血管系统用药,（四）抗高血压药,,拉贝洛尔,Labetalol,LBLE,片剂：50mg 、100mg,否,否,
189,MED-2026-W189,西药,七、心血管系统用药,（四）抗高血压药,,乌拉地尔,Urapidil,WLDE,缓释（片剂、胶囊）：30mg； 注射液：5ml ∶25mg 、10ml ∶50mg,否,否,
190,MED-2026-W190,西药,七、心血管系统用药,（四）抗高血压药,,吲达帕胺,Indapamide,YDPA,片剂：2.5mg； 缓释片： 1.5mg,否,否,
191,MED-2026-W191,西药,七、心血管系统用药,（四）抗高血压药,,酚妥拉明,Phentolamine,FTLM,注射液： 1ml ∶10mg； 注射用无菌粉末： 10mg,否,否,
192,MED-2026-W192,西药,七、心血管系统用药,（四）抗高血压药,,哌唑嗪,Prazosin,PZQ,片剂： 1mg 、2mg,否,否,
193,MED-2026-W193,西药,七、心血管系统用药,（四）抗高血压药,,波生坦,Bosentan,BST,片剂： 125mg； 分散片：32mg,是,否,△
194,MED-2026-W194,西药,七、心血管系统用药,（五）抗休克药,,肾上腺素,Epinephrine,SSXS,注射液： 1ml ∶1mg,否,否,
195,MED-2026-W195,西药,七、心血管系统用药,（五）抗休克药,,去甲肾上腺素,Norepinephrine,QJSSXS,注射液： 1ml ∶2mg 、2ml ∶10mg、 4ml ∶8mg,否,否,
196,MED-2026-W196,西药,七、心血管系统用药,（五）抗休克药,,异丙肾上腺素,Isoprenaline,YBSSXS,注射液：2ml ∶1mg,否,否,
197,MED-2026-W197,西药,七、心血管系统用药,（五）抗休克药,,间羟胺,Metaraminol,JQA,注射液： 1ml ∶10mg 、5ml ∶50mg,否,否,
198,MED-2026-W198,西药,七、心血管系统用药,（五）抗休克药,,多巴胺,Dopamine,DBA,注射液：2ml ∶20mg 、2.5ml ∶50mg、 5ml ∶100mg 、5ml ∶200mg,否,否,
199,MED-2026-W199,西药,七、心血管系统用药,（五）抗休克药,,多巴酚丁胺,Dobutamine,DBFDA,注射液：2ml ∶20mg 、5ml ∶100mg,否,否,
200,MED-2026-W200,西药,七、心血管系统用药,（六）调脂及抗动脉粥样硬化药,,辛伐他汀,Simvastatin,XFTT,片剂： 10mg 、20mg,否,否,
201,MED-2026-W201,西药,七、心血管系统用药,（六）调脂及抗动脉粥样硬化药,,阿托伐他汀,Atorvastatin,ATFTT,片剂： 10mg 、20mg,否,否,
202,MED-2026-W202,西药,七、心血管系统用药,（六）调脂及抗动脉粥样硬化药,,瑞舒伐他汀,Rosuvastatin,RSFTT,片剂、胶囊：5mg 、10mg 、20mg,否,否,
203,MED-2026-W203,西药,七、心血管系统用药,（六）调脂及抗动脉粥样硬化药,,非诺贝特,Fenofibrate,FNBT,片剂、分散片：0. 1g； 胶囊：0. 1g 、0.2g,否,否,
204,MED-2026-W204,西药,七、心血管系统用药,（六）调脂及抗动脉粥样硬化药,,依折麦布,Ezetimibe,YZMB,片剂： 10mg,否,否,
205,MED-2026-W205,西药,八、呼吸系统用药,（一）祛痰药,,溴己新,Bromhexine,XJX,片剂：8mg； 口服溶液剂：40ml ∶80mg； 注射液：2ml ∶4mg,否,否,
206,MED-2026-W206,西药,八、呼吸系统用药,（一）祛痰药,,氨溴索,Ambroxol,AXS,片剂、分散片、胶囊：30mg； 口服溶液剂：0.3% 、0.6%； 吸入用溶液：2ml ∶15mg； 注射液：2ml ∶15mg,否,否,
207,MED-2026-W207,西药,八、呼吸系统用药,（一）祛痰药,,桉柠蒎,"Eucalyptol, Limonene and Pinene",ANP,肠溶胶囊：0. 12g 、0.3g,否,否,
208,MED-2026-W208,西药,八、呼吸系统用药,（一）祛痰药,,羧甲司坦,Carbocysteine,SJST,片剂：0. 1g 、0.25g； 口服溶液剂：10ml ∶0.2g、10ml ∶0.5g,否,否,
209,MED-2026-W209,西药,八、呼吸系统用药,（一）祛痰药,,乙酰半胱氨酸,Acetylcysteine,YXBGAS,颗粒剂：0. 1g 、0.2g； 泡腾片：0.6g； 吸入用溶液：3ml ∶0.3g,否,否,
210,MED-2026-W210,西药,八、呼吸系统用药,（二）镇咳药,,复方甘草,Compound Liquorice,FFGC,片剂、口服溶液剂,否,否,
211,MED-2026-W211,西药,八、呼吸系统用药,（二）镇咳药,,喷托维林,Pentoxyverine,PTWL,片剂：25mg,否,否,
212,MED-2026-W212,西药,八、呼吸系统用药,（二）镇咳药,,可待因,Codeine,KDY,片剂： 15mg 、30mg,是,否,△
213,MED-2026-W213,西药,八、呼吸系统用药,（二）镇咳药,,右美沙芬,Dextromethorphan,YMSF,片剂： 15mg； 颗粒剂： 15mg； 口服溶液剂： 10ml ∶15mg,是,否,△
214,MED-2026-W214,西药,八、呼吸系统用药,（二）镇咳药,,复方甲氧那明,"Compound
Methoxyphenamine Hydrochloride",FFJYNM,胶囊：每粒含盐酸甲氧那明12.5mg、那可丁 7mg、氨茶碱 25mg、马来酸氯苯那敏 2mg,否,否,
215,MED-2026-W215,西药,八、呼吸系统用药,（三）平喘药,,氨茶碱,Aminophylline,ACJ,片剂：0. 1g 、0.2g； 缓释片：0. 1g； 注射液：2ml ∶0.25g 、2ml ∶0.5g、 10ml ∶0.25g,否,否,
216,MED-2026-W216,西药,八、呼吸系统用药,（三）平喘药,,茶碱,Theophylline,CJ,缓释片：0. 1g,否,否,
217,MED-2026-W217,西药,八、呼吸系统用药,（三）平喘药,,沙丁胺醇,Salbutamol,SDAC,吸入气雾剂：200 揿：每揿 100μg、； 200 揿：每揿 140μg； 吸入用溶液：2.5ml ∶5mg,否,否,
218,MED-2026-W218,西药,八、呼吸系统用药,（三）平喘药,,异丙托溴铵,Ipratropium Bromide,YBTXA,气雾剂： 14g∶8.4mg； 吸入用溶液：2ml ∶0.5mg,否,否,
219,MED-2026-W219,西药,八、呼吸系统用药,（三）平喘药,,噻托溴铵,Tiotropium Bromide,STXA,吸入粉雾剂： 18μg,否,否,
220,MED-2026-W220,西药,八、呼吸系统用药,（三）平喘药,,孟鲁司特,Montelukast,MLST,片剂： 10mg； 咀嚼片：4mg 、5mg； 颗粒剂：4mg； 口溶膜：4mg 、5mg,否,否,
221,MED-2026-W221,西药,八、呼吸系统用药,（三）平喘药,,丙酸氟替卡松,Fluticasone Propionate,BSFTKS,吸入气雾剂：50μg/ 揿、 125μg/ 揿； 雾化吸入用混悬液：2ml ∶0.5mg,否,否,
222,MED-2026-W222,西药,八、呼吸系统用药,（三）平喘药,,布地奈德,Budesonide,BDND,吸入气雾剂：每瓶 100 揿，每揿含布地奈德 200μg；每瓶 200 揿，每揿含布地奈德 100μg； 吸入粉雾剂：0. 1mg/ 吸；0.2mg； 200μg/ 吸，200 吸/ 支； 雾化吸入用混悬液：2ml ∶1mg,否,否,
223,MED-2026-W223,西药,八、呼吸系统用药,（三）平喘药,,布地奈德福莫特罗,"Budesonide and
Formoterol",BDNDFMTL,吸入粉雾剂：80μg/4.5μg/吸、 160μg/4.5μg/ 吸、320μg/9μg/ 吸,否,否,
224,MED-2026-W224,西药,八、呼吸系统用药,（三）平喘药,,茚达特罗格隆溴铵,"Indacaterol and
Glycopyrronium",YDTLGLXA,吸入粉雾剂： 110μg/50μg/ 粒,否,否,
225,MED-2026-W225,西药,八、呼吸系统用药,（三）平喘药,,布地格福,"Budesonide, Glycopyrronium and Formoterol",BDGF,吸入气雾剂：每瓶 120 揿，每揿含布地奈德 160μg、格隆铵 7.2μg 和富马酸福莫特罗 4.8μg,否,否,
226,MED-2026-W226,西药,八、呼吸系统用药,（四）其他,,汉防己甲素,Tetrandrine,HFJJS,片剂：20mg； 注射液：2ml ∶30mg,是,否,△
227,MED-2026-W227,西药,八、呼吸系统用药,（四）其他,,尼达尼布,Nintedanib,NDNB,软胶囊： 100mg 、150mg,是,否,△
228,MED-2026-W228,西药,九、消化系统用药,（一）抗酸药及抗溃疡病药,,复方氢氧化铝,Compound Aluminium Hydroxide,FFQYHL,片剂,否,否,
229,MED-2026-W229,西药,九、消化系统用药,（一）抗酸药及抗溃疡病药,,雷尼替丁,Ranitidine,LNTD,片剂、胶囊：0. 15g； 注射液：2ml ∶50mg,否,否,
230,MED-2026-W230,西药,九、消化系统用药,（一）抗酸药及抗溃疡病药,,法莫替丁,Famotidine,FMTD,片剂、胶囊：20mg； 注射液：2ml ∶20mg； 注射用无菌粉末：20mg,否,否,
231,MED-2026-W231,西药,九、消化系统用药,（一）抗酸药及抗溃疡病药,,奥美拉唑,Omeprazole,AMLZ,肠溶（片剂、胶囊）：10mg、20mg； 注射用无菌粉末：40mg,否,否,
232,MED-2026-W232,西药,九、消化系统用药,（一）抗酸药及抗溃疡病药,,艾司奥美拉唑,Esomeprazole,ASAMLZ,肠溶（片剂、胶囊）：20mg； 肠溶干混悬剂： 10mg 、20mg、 40mg； 注射用无菌粉末：40mg,否,否,
233,MED-2026-W233,西药,九、消化系统用药,（一）抗酸药及抗溃疡病药,,雷贝拉唑,Rabeprazole,LBLZ,肠溶片： 10mg 、20mg,否,否,
234,MED-2026-W234,西药,九、消化系统用药,（一）抗酸药及抗溃疡病药,,枸橼酸铋钾,Bismuth Potassium Citrate,JYSBJ,片剂、胶囊：0.3g（含 0. 11g 铋）； 颗粒剂：每袋含 0.11g 铋,否,否,
235,MED-2026-W235,西药,九、消化系统用药,（一）抗酸药及抗溃疡病药,,胶体果胶铋,Colloidal Bismuth Pectin,JTGJB,胶囊：50mg 、100mg（以铋计）； 颗粒剂： 150mg（以铋计）,否,否,
236,MED-2026-W236,西药,九、消化系统用药,（一）抗酸药及抗溃疡病药,,铝碳酸镁,Hydrotalcite,LTSM,咀嚼片：0.5g,否,否,
237,MED-2026-W237,西药,九、消化系统用药,（二）助消化药,,乳酶生,Lactasin,RMS,片剂：0. 15g 、0.3g,否,否,
238,MED-2026-W238,西药,九、消化系统用药,（二）助消化药,,胰酶,Pancreatin,YM,肠溶片：300mg； 肠溶胶囊： 150mg,否,否,
239,MED-2026-W239,西药,九、消化系统用药,（三）胃肠解痉药及胃动力药,,山莨菪碱,Anisodamine,SLDJ,片剂（含消旋）：5mg 、10mg； 注射液（含消旋）： 1ml ∶2mg、 1ml ∶10mg,否,否,
240,MED-2026-W240,西药,九、消化系统用药,（三）胃肠解痉药及胃动力药,,阿托品,Atropine,ATP,片剂：0.3mg； 注射液： 1ml ∶0.5mg 、1ml ∶1mg、 1ml ∶5mg 、2ml ∶1mg,否,否,
241,MED-2026-W241,西药,九、消化系统用药,（三）胃肠解痉药及胃动力药,,多潘立酮,Domperidone,DPLT,片剂： 10mg,否,否,
242,MED-2026-W242,西药,九、消化系统用药,（三）胃肠解痉药及胃动力药,,甲氧氯普胺,Metoclopramide,JYLPA,片剂：5mg； 注射液： 1ml ∶10mg 、2ml ∶10mg,否,否,
243,MED-2026-W243,西药,九、消化系统用药,（三）胃肠解痉药及胃动力药,,莫沙必利,Mosapride,MSBL,片剂：5mg,否,否,
244,MED-2026-W244,西药,九、消化系统用药,（三）胃肠解痉药及胃动力药,,匹维溴铵,Pinaverium Bromide,PWXA,片剂：50mg,否,否,
245,MED-2026-W245,西药,九、消化系统用药,（四）止吐药,,昂丹司琼,Ondansetron,ADSQ,片剂：4mg 、8mg； 注射液：2ml ∶4mg 、4ml ∶8mg,否,否,
246,MED-2026-W246,西药,九、消化系统用药,（五）泻药及止泻药,,开塞露,Enema,KSL,灌肠剂（含甘油、山梨醇）,否,否,
247,MED-2026-W247,西药,九、消化系统用药,（五）泻药及止泻药,,乳果糖,Lactulose,RGT,口服溶液剂： 15ml ∶10g、 100ml ∶66.7g 、200ml ∶133.4g,否,否,
248,MED-2026-W248,西药,九、消化系统用药,（五）泻药及止泻药,,洛哌丁胺,Loperamide,LPDA,胶囊：2mg,否,否,
249,MED-2026-W249,西药,九、消化系统用药,（五）泻药及止泻药,,蒙脱石,Montmorillonite,MTS,散剂：3g,否,否,
250,MED-2026-W250,西药,九、消化系统用药,（五）泻药及止泻药,,聚乙二醇,Macrogol,JYEC,散剂,否,否,
251,MED-2026-W251,西药,九、消化系统用药,（六）肝病治疗药,,精氨酸,Arginine,JAS,注射液：20ml ∶5g,否,否,
252,MED-2026-W252,西药,九、消化系统用药,（六）肝病治疗药,,联苯双酯,Bifendate,LBSZ,片剂：25mg； 滴丸剂： 1.5mg,否,否,
253,MED-2026-W253,西药,九、消化系统用药,（六）肝病治疗药,,甘草酸二铵,"Diammonium
Glycyrrhizinate",GCSEA,胶囊：50mg,否,否,
254,MED-2026-W254,西药,九、消化系统用药,（六）肝病治疗药,,水飞蓟素,Silymarin,SFJS,片剂：70mg； 胶囊： 140mg,否,否,
255,MED-2026-W255,西药,九、消化系统用药,（六）肝病治疗药,,多烯磷脂酰胆碱,"Polyene
Phosphatidylcholine",DXLZXDJ,胶囊：228mg； 注射液：5ml ∶232.5mg,是,否,△
256,MED-2026-W256,西药,九、消化系统用药,（七）微生态制剂,,地衣芽孢杆菌活菌,"Bacillus Licheniformis, Live",DYYBGJHJ,胶囊：0.25g； 颗粒剂：0.5g,否,否,
257,MED-2026-W257,西药,九、消化系统用药,（七）微生态制剂,,枯草杆菌二联活菌,Live Combined Bacillus Subtilis and Enterociccus Faecium,KCGJELHJ,肠溶胶囊：250mg,否,否,
258,MED-2026-W258,西药,九、消化系统用药,（七）微生态制剂,,双歧杆菌三联活菌,Bifid Triple Viable,SQGJSLHJ,胶囊、肠溶胶囊：0.21g,否,否,
259,MED-2026-W259,西药,九、消化系统用药,（七）微生态制剂,,双歧杆菌四联活菌,"Combined Bifidobacterium, Lactobacillus, Enterococcus and Bacillus Cereus, Live",SQGJSLHJ,片剂：0.5g,否,否,
260,MED-2026-W260,西药,九、消化系统用药,（八）利胆药,,熊去氧胆酸,UrsodeoxycholicAcid,XQYDS,片剂：50mg 、250mg； 胶囊：250mg； 混悬液：250ml ∶12.5g,否,否,
261,MED-2026-W261,西药,九、消化系统用药,（九）治疗炎性肠病药,,柳氮磺吡啶,Sulfasalazine,LDHBD,肠溶片：0.25g； 栓剂：0.5g,否,否,
262,MED-2026-W262,西药,十、泌尿系统用药,（一）利尿药及脱水药,,呋塞米,Furosemide,FSM,片剂：20mg； 注射液：2ml ∶20mg,否,否,
263,MED-2026-W263,西药,十、泌尿系统用药,（一）利尿药及脱水药,,托拉塞米,Torasemide,TLSM,片剂：5mg 、10mg 、20mg； 注射液：2ml ∶10mg 、4ml ∶20mg,否,否,
264,MED-2026-W264,西药,十、泌尿系统用药,（一）利尿药及脱水药,,氢氯噻嗪,Hydrochlorothiazide,QLSQ,片剂：6.25mg 、10mg 、25mg,否,否,
265,MED-2026-W265,西药,十、泌尿系统用药,（一）利尿药及脱水药,,螺内酯,Spironolactone,LNZ,片剂： 12mg 、20mg,否,否,
266,MED-2026-W266,西药,十、泌尿系统用药,（一）利尿药及脱水药,,氨苯蝶啶,Triamterene,ABDD,片剂：50mg,否,否,
267,MED-2026-W267,西药,十、泌尿系统用药,（一）利尿药及脱水药,,非奈利酮,Finerenone,FNLT,片剂： 10mg,否,否,
268,MED-2026-W268,西药,十、泌尿系统用药,（一）利尿药及脱水药,,甘油果糖,Glycerol Fructose,GYGT,氯化钠注射液：250ml 、500ml,否,否,
269,MED-2026-W269,西药,十、泌尿系统用药,（二）良性前列腺增生用药,,坦洛新（坦索罗辛）,Tamsulosin,TLXTSLX,缓释胶囊：0.2mg,否,否,
270,MED-2026-W270,西药,十、泌尿系统用药,（二）良性前列腺增生用药,,特拉唑嗪,Terazosin,TLZQ,片剂、胶囊：2mg,否,否,
271,MED-2026-W271,西药,十、泌尿系统用药,（二）良性前列腺增生用药,,非那雄胺,Finasteride,FNXA,片剂、胶囊：5mg,否,否,
272,MED-2026-W272,西药,十、泌尿系统用药,（三）透析用药,,腹膜透析液,Peritoneal Dialysis Solution,FMTXY,注射液（腹腔用药）,否,否,
273,MED-2026-W273,西药,十一、血液系统用药,（一）抗贫血药,,硫酸亚铁,Ferrous Sulfate,LSYT,片剂：0.3g； 缓释片：0.45g,否,否,
274,MED-2026-W274,西药,十一、血液系统用药,（一）抗贫血药,,右旋糖酐铁,Iron Dextran,YXTGT,口服溶液剂：5ml ∶25mg（Fe ）、 10ml ∶50mg（Fe）； 注射液：2ml ∶50mg（Fe ）、 2ml ∶100mg（Fe）,否,否,
275,MED-2026-W275,西药,十一、血液系统用药,（一）抗贫血药,,琥珀酸亚铁,Ferrous Succinate,HPSYT,片剂：0. 1g,否,否,
276,MED-2026-W276,西药,十一、血液系统用药,（一）抗贫血药,,维生素,B12 Vitamin B12,WSS,注射液： 1ml ∶0.25mg 、1ml ∶0.5mg,否,否,
277,MED-2026-W277,西药,十一、血液系统用药,（一）抗贫血药,,叶酸,Folic Acid,YS,片剂：0.4mg 、5mg,否,否,
278,MED-2026-W278,西药,十一、血液系统用药,（一）抗贫血药,,腺苷钴胺,Cobamamide,XGGA,片剂：0.25mg； 胶囊：0.5mg,否,否,
279,MED-2026-W279,西药,十一、血液系统用药,（一）抗贫血药,,甲钴胺,Mecobalamin,JGA,片剂、胶囊：0.5mg； 注射液： 1ml ∶0.5mg,否,否,
280,MED-2026-W280,西药,十一、血液系统用药,（一）抗贫血药,,人促红素,Human Erythropoietin,RCHS,注射液：2000IU、3000IU、10000IU,否,否,
281,MED-2026-W281,西药,十一、血液系统用药,（一）抗贫血药,,罗沙司他,Roxadustat,LSST,胶囊：20mg 、50mg,否,否,
*（77）,MED-2026-W077,西药,十一、血液系统用药,（二）抗血小板药,,阿司匹林,Aspirin,ASPL,肠溶片：25mg 、50mg 、0. 1g 、0.3g,否,是,
282,MED-2026-W282,西药,十一、血液系统用药,（二）抗血小板药,,氯吡格雷,Clopidogrel,LBGL,片剂：25mg 、75mg,否,否,
283,MED-2026-W283,西药,十一、血液系统用药,（二）抗血小板药,,吲哚布芬,Indobufen,YDBF,片剂：0. 1g 、0.2g,否,否,
284,MED-2026-W284,西药,十一、血液系统用药,（二）抗血小板药,,替格瑞洛,Ticagrelor,TGRL,片剂：60mg 、90mg,否,否,
285,MED-2026-W285,西药,十一、血液系统用药,（二）抗血小板药,,西洛他唑,Cilostazol,XLTZ,片剂：50mg 、100mg,否,否,
286,MED-2026-W286,西药,十一、血液系统用药,（三）促凝血药,,凝血酶,Thrombin,NXM,散剂：200 单位、500 单位、2000单位,否,否,
287,MED-2026-W287,西药,十一、血液系统用药,（三）促凝血药,,维生素,K1 Vitamin K1,WSS,注射液： 1ml ∶10mg,否,否,
288,MED-2026-W288,西药,十一、血液系统用药,（三）促凝血药,,甲萘氢醌,Menadiol,JNQK,片剂：2mg 、4mg,否,否,
289,MED-2026-W289,西药,十一、血液系统用药,（三）促凝血药,,氨甲苯酸,Aminomethylbenzoic Acid,AJBS,注射液： 10ml ∶0. 1g 、5ml ∶50mg,否,否,
290,MED-2026-W290,西药,十一、血液系统用药,（三）促凝血药,,氨甲环酸,Tranexamic Acid,AJHS,注射液：2.5ml ∶0.25g 、5ml ∶0.25g、 5ml ∶0.5g,否,否,
291,MED-2026-W291,西药,十一、血液系统用药,（三）促凝血药,,鱼精蛋白,Protamine,YJDB,注射液：5ml ∶50mg 、10ml ∶0. 1g,否,否,
292,MED-2026-W292,西药,十一、血液系统用药,（三）促凝血药,,血友病用药,,XYBYY,注射用无菌粉末,是,否,注释 5 △
293,MED-2026-W293,西药,十一、血液系统用药,（四）抗凝血药及溶栓药,,肝素,Heparin,GS,（钙）注射液： 1ml ∶5000 单位、 1ml ∶10000 单位； （钠）注射液：2ml ∶5000 单位、 2ml ∶12500 单位,否,否,
294,MED-2026-W294,西药,十一、血液系统用药,（四）抗凝血药及溶栓药,,低分子量肝素,Low Molecular Weight Heparin,DFZLGS,注射液,否,否,
295,MED-2026-W295,西药,十一、血液系统用药,（四）抗凝血药及溶栓药,,华法林,Warfarin,HFL,片剂： 1mg 、2.5mg 、3mg 、5mg,是,否,△
296,MED-2026-W296,西药,十一、血液系统用药,（四）抗凝血药及溶栓药,,尿激酶,Urokinase,NJM,注射用无菌粉末： 10 万单位、25万单位,是,否,△
297,MED-2026-W297,西药,十一、血液系统用药,（四）抗凝血药及溶栓药,,达比加群酯,Dabigatran Etexilate,DBJQZ,胶囊： 110mg 、150mg,否,否,
298,MED-2026-W298,西药,十一、血液系统用药,（四）抗凝血药及溶栓药,,利伐沙班,Rivaroxaban,LFSB,片剂： 10mg 、15mg 、20mg,否,否,
299,MED-2026-W299,西药,十一、血液系统用药,（四）抗凝血药及溶栓药,,重组人组织型纤溶酶原激酶衍生物,"Recombinant Human
Tissue-type Plasminogen Activator Derivative",CZRZZXXRMYJMYSW,注射用无菌粉末： 18mg,是,否,△
300,MED-2026-W300,西药,十一、血液系统用药,（五）血容量扩充剂,,羟乙基淀粉 130/0.4,Hydroxyethyl Starch 130/0.4,QYJDF13004,氯化钠注射液：250ml ∶15g、 500ml ∶30g,否,否,
301,MED-2026-W301,西药,十一、血液系统用药,（六）其他,,艾曲泊帕乙醇胺,Eltrombopag Olamine,AQPPYCA,片剂：25mg,是,否,△
302,MED-2026-W302,西药,十一、血液系统用药,（六）其他,,人粒细胞刺激因子,"Human Granulocyte
Colony-Stimulating Factor",RLXBCJYZ,注射液：75μg 、100μg 、150μg、 200μg 、300μg,是,否,△
303,MED-2026-W303,西药,十二、激素及影响内分泌药,（一）下丘脑垂体激素及其类似物,,绒促性素,Chorionic Gonadotrophin,RCXS,注射用无菌粉末：500 单位、 1000单位、2000 单位、5000 单位,否,否,
304,MED-2026-W304,西药,十二、激素及影响内分泌药,（一）下丘脑垂体激素及其类似物,,去氨加压素,Desmopressin,QAJYS,片剂：0.089mg 、0. 178mg； 口服溶液剂： 15ml ∶5.4mg； 注射液：1ml ∶3.56μg、1ml ∶13.35μg,否,否,
305,MED-2026-W305,西药,十二、激素及影响内分泌药,（一）下丘脑垂体激素及其类似物,,人生长激素,Human Growth Hormone,RSZJS,注射用无菌粉末：0.85mg、1.0mg、 1.2mg 、1.33mg 、1.6mg 、2.0mg 、 3.7mg 、4.0mg,是,否,△
306,MED-2026-W306,西药,十二、激素及影响内分泌药,（一）下丘脑垂体激素及其类似物,,生长抑素,Somatostatin,SZYS,注射用无菌粉末：3mg,否,否,
307,MED-2026-W307,西药,十二、激素及影响内分泌药,（二）肾上腺皮质激素类药,,氢化可的松,Hydrocortisone,QHKDS,片剂： 10mg 、20mg； 注射液：2ml ∶10mg 、5ml ∶25mg、 20ml ∶100mg； （琥珀酸钠）注射用无菌粉末： 50mg 、100mg,否,否,
308,MED-2026-W308,西药,十二、激素及影响内分泌药,（二）肾上腺皮质激素类药,,泼尼松,Prednisone,PNS,片剂：5mg,否,否,
309,MED-2026-W309,西药,十二、激素及影响内分泌药,（二）肾上腺皮质激素类药,,甲泼尼龙,Methylprednisolone,JPNL,片剂：4mg； （琥珀酸钠）注射用无菌粉末： 40mg 、125mg 、500mg,否,否,
310,MED-2026-W310,西药,十二、激素及影响内分泌药,（二）肾上腺皮质激素类药,,地塞米松,Dexamethasone,DSMS,片剂：0.75mg； 注射液： 1ml ∶2mg 、1ml ∶5mg,否,否,
311,MED-2026-W311,西药,十二、激素及影响内分泌药,（三）胰岛素及降血糖药,,胰岛素,Insulin,YDS,人胰岛素注射液（短效、中效和预混 30R ）：300 单位、400 单位,否,否,
312,MED-2026-W312,西药,十二、激素及影响内分泌药,（三）胰岛素及降血糖药,,甘精胰岛素,Insulin Glargine,GJYDS,注射液：3ml ∶300 单位,否,否,
313,MED-2026-W313,西药,十二、激素及影响内分泌药,（三）胰岛素及降血糖药,,门冬胰岛素,Insulin Aspart,MDYDS,注射液：3ml ∶300 单位,否,否,
314,MED-2026-W314,西药,十二、激素及影响内分泌药,（三）胰岛素及降血糖药,,德谷胰岛素,Insulin Degludec,DGYDS,注射液：3ml ∶300 单位,否,否,
315,MED-2026-W315,西药,十二、激素及影响内分泌药,（三）胰岛素及降血糖药,,二甲双胍,Metformin,EJSG,片剂、肠溶（片剂、胶囊）、缓释片：0.25g 、0.5g； 胶囊、缓释胶囊：0.25g,否,否,
316,MED-2026-W316,西药,十二、激素及影响内分泌药,（三）胰岛素及降血糖药,,格列本脲,Glibenclamide,GLBN,片剂：2.5mg,否,否,
317,MED-2026-W317,西药,十二、激素及影响内分泌药,（三）胰岛素及降血糖药,,格列吡嗪,Glipizide,GLBQ,片剂、缓释片、胶囊：5mg,否,否,
318,MED-2026-W318,西药,十二、激素及影响内分泌药,（三）胰岛素及降血糖药,,格列美脲,Glimepiride,GLMN,片剂： 1mg 、2mg,否,否,
319,MED-2026-W319,西药,十二、激素及影响内分泌药,（三）胰岛素及降血糖药,,格列喹酮,Gliquidone,GLKT,片剂：30mg,否,否,
320,MED-2026-W320,西药,十二、激素及影响内分泌药,（三）胰岛素及降血糖药,,格列齐特,Gliclazide,GLQT,片剂：80mg； 缓释片：30mg 、60mg,否,否,
321,MED-2026-W321,西药,十二、激素及影响内分泌药,（三）胰岛素及降血糖药,,阿卡波糖,Acarbose,AKBT,片剂、胶囊：50mg,否,否,
322,MED-2026-W322,西药,十二、激素及影响内分泌药,（三）胰岛素及降血糖药,,达格列净,Dapagliflozin,DGLJ,片剂：5mg 、10mg,否,否,
323,MED-2026-W323,西药,十二、激素及影响内分泌药,（三）胰岛素及降血糖药,,恩格列净,Empagliflozin,EGLJ,片剂： 10mg 、25mg,否,否,
324,MED-2026-W324,西药,十二、激素及影响内分泌药,（三）胰岛素及降血糖药,,利拉鲁肽,Liraglutide,LLLT,注射液：3ml ∶18mg,否,否,
325,MED-2026-W325,西药,十二、激素及影响内分泌药,（三）胰岛素及降血糖药,,司美格鲁肽,Semaglutide,SMGLT,注射液： 1.34mg/ml ，1.5ml（预填充注射笔）； 1.34mg/ml ，3ml（预填充注射笔）,否,否,
326,MED-2026-W326,西药,十二、激素及影响内分泌药,（三）胰岛素及降血糖药,,瑞格列奈,Repaglinide,RGLN,片剂：0.5mg 、1mg 、2mg,否,否,
327,MED-2026-W327,西药,十二、激素及影响内分泌药,（三）胰岛素及降血糖药,,吡格列酮,Pioglitazone,BGLT,片剂、胶囊： 15mg 、30mg,否,否,
328,MED-2026-W328,西药,十二、激素及影响内分泌药,（三）胰岛素及降血糖药,,西格列汀,Sitagliptin,XGLT,片剂：25mg 、50mg 、100mg,否,否,
329,MED-2026-W329,西药,十二、激素及影响内分泌药,（三）胰岛素及降血糖药,,利格列汀,Linagliptin,LGLT,片剂：5mg,否,否,
330,MED-2026-W330,西药,十二、激素及影响内分泌药,（四）甲状腺激素及抗甲状腺药,,甲状腺片,Thyroid Tablets,JZXP,片剂：40mg,否,否,
331,MED-2026-W331,西药,十二、激素及影响内分泌药,（四）甲状腺激素及抗甲状腺药,,左甲状腺素钠,Levothyroxine Sodium,ZJZXSN,片剂：25μg 、50μg 、100μg,否,否,
332,MED-2026-W332,西药,十二、激素及影响内分泌药,（四）甲状腺激素及抗甲状腺药,,甲巯咪唑,Thiamazole,JQMZ,片剂：5mg 、10mg,否,否,
333,MED-2026-W333,西药,十二、激素及影响内分泌药,（四）甲状腺激素及抗甲状腺药,,丙硫氧嘧啶,Propylthiouracil,BLYMD,片剂：50mg 、100mg,否,否,
334,MED-2026-W334,西药,十二、激素及影响内分泌药,（五）抗甲状旁腺药,,西那卡塞,Cinacalcet,XNKS,片剂：25mg 、75mg,是,否,△
335,MED-2026-W335,西药,十二、激素及影响内分泌药,（六）雄激素及同化激素,,丙酸睾酮,Testosterone Propionate,BSGT,注射液： 1ml ∶25mg,否,否,
336,MED-2026-W336,西药,十二、激素及影响内分泌药,（六）雄激素及同化激素,,十一酸睾酮,Testosterone Undecanoate,SYSGT,软胶囊：40mg； 注射液：2ml ∶0.25g,否,否,
337,MED-2026-W337,西药,十二、激素及影响内分泌药,（七）雌激素、孕激素及抗孕激素,,尼尔雌醇,Nilestriol,NECC,片剂： 1mg 、2mg 、5mg,否,否,
338,MED-2026-W338,西药,十二、激素及影响内分泌药,（七）雌激素、孕激素及抗孕激素,,雌二醇,Estradiol,CEC,凝胶剂：0.06%,否,否,
339,MED-2026-W339,西药,十二、激素及影响内分泌药,（七）雌激素、孕激素及抗孕激素,,黄体酮,Progesterone,HTT,胶囊：50mg； 软胶囊： 100mg 、200mg； 注射液： 1ml ∶10mg 、1ml ∶20mg,否,否,
340,MED-2026-W340,西药,十二、激素及影响内分泌药,（七）雌激素、孕激素及抗孕激素,,甲羟孕酮,Medroxyprogesterone,JQYT,片剂：2mg、4mg、100mg、250mg； 胶囊： 100mg,是,否,△
341,MED-2026-W341,西药,十二、激素及影响内分泌药,（七）雌激素、孕激素及抗孕激素,,地屈孕酮,Dydrogesterone,DQYT,片剂： 10mg,否,否,
342,MED-2026-W342,西药,十二、激素及影响内分泌药,（七）雌激素、孕激素及抗孕激素,,地诺孕素,Dienogest,DNYS,片剂：2mg,否,否,
343,MED-2026-W343,西药,十二、激素及影响内分泌药,（八）钙代谢调节药及抗骨质疏松药,,阿法骨化醇,Alfacalcidol,AFGHC,片剂、胶囊、软胶囊：0.25μg、 0.5μg； 滴剂：20ml ∶40μg,是,否,滴剂△
344,MED-2026-W344,西药,十二、激素及影响内分泌药,（八）钙代谢调节药及抗骨质疏松药,,维生素,D2 Vitamin D2,WSS,软胶囊：0. 125mg（5000 单位）、 0.25mg（ 1 万单位）； 注射液： 1ml ∶5mg（20 万单位）、 1ml ∶10mg（40 万单位）,否,否,
345,MED-2026-W345,西药,十二、激素及影响内分泌药,（八）钙代谢调节药及抗骨质疏松药,,碳酸钙,"D3
Calcium Carbonate and
Vitamin D3",TSG,片剂：每片含碳酸钙 1.5g（相当于钙 600mg） 与维生素 D3 125 国际单位； 颗粒剂：每袋含碳酸钙1.25g（相当于钙 500mg）与维生素 D3 200国际单位（5μg）,否,否,
346,MED-2026-W346,西药,十二、激素及影响内分泌药,（八）钙代谢调节药及抗骨质疏松药,,阿仑膦酸钠,Alendronate Sodium,ALLSN,片剂： 10mg 、70mg,是,否,△
347,MED-2026-W347,西药,十三、抗变态反应药,,,氯苯那敏,Chlorphenamine,LBNM,片剂： 1mg 、4mg,否,否,
348,MED-2026-W348,西药,十三、抗变态反应药,,,苯海拉明,Diphenhydramine,BHLM,片剂：25mg； 注射液： 1ml ∶20mg,否,否,
349,MED-2026-W349,西药,十三、抗变态反应药,,,赛庚啶,Cyproheptadine,SGD,片剂：2mg,否,否,
350,MED-2026-W350,西药,十三、抗变态反应药,,,异丙嗪,Promethazine,YBQ,片剂： 12.5mg 、25mg； 注射液： 1ml ∶25mg 、2ml ∶50mg,否,否,
351,MED-2026-W351,西药,十三、抗变态反应药,,,氯雷他定,Loratadine,LLTD,片剂： 10mg； 胶囊：5mg 、10mg； 糖浆剂： 1mg/ml,否,否,
352,MED-2026-W352,西药,十三、抗变态反应药,,,西替利嗪,Cetirizine,XTLQ,片剂： 10mg； 口服溶液剂： 1mg/ml； 滴剂： 10mg/ml,否,否,
353,MED-2026-W353,西药,十四、免疫系统用药,,,硫唑嘌呤,Azathioprine,LZPL,片剂：50mg 、100mg,否,否,
354,MED-2026-W354,西药,十四、免疫系统用药,,,环孢素,Ciclosporin,HBS,胶囊、软胶囊、口服溶液剂,是,否,△
355,MED-2026-W355,西药,十四、免疫系统用药,,,他克莫司,Tacrolimus,TKMS,胶囊、缓释胶囊：0.5mg 、1mg； 颗粒剂： 1mg,是,否,△
356,MED-2026-W356,西药,十四、免疫系统用药,,,吗替麦考酚酯,Mycophenolate Mofetil,MTMKFZ,片剂、分散片：0.25g 、0.5g； 胶囊：0.25g,是,否,△
357,MED-2026-W357,西药,十四、免疫系统用药,,,泰它西普,Telitacicept,TTXP,注射用无菌粉末：80mg,是,否,△
358,MED-2026-W358,西药,十四、免疫系统用药,,,阿达木单抗,Adalimumab,ADMDK,注射液：0.8ml ∶40mg,是,否,△
359,MED-2026-W359,西药,十四、免疫系统用药,,,托法替布,Tofacitinib,TFTB,片剂：5mg； 缓释片： 11mg,是,否,△
360,MED-2026-W360,西药,十五、抗肿瘤药,（一）烷化剂,,司莫司汀,Semustine,SMST,胶囊： 10mg 、50mg,是,否,△
361,MED-2026-W361,西药,十五、抗肿瘤药,（一）烷化剂,,环磷酰胺,Cyclophosphamide,HLXA,片剂：50mg； 注射用无菌粉末：100mg、200mg、 500mg,是,否,△
362,MED-2026-W362,西药,十五、抗肿瘤药,（一）烷化剂,,异环磷酰胺,Ifosfamide,YHLXA,注射用无菌粉末：0.5g 、1.0g,是,否,△
363,MED-2026-W363,西药,十五、抗肿瘤药,（一）烷化剂,,白消安,Busulfan,BXA,片剂：0.5mg 、2mg； 注射液： 10ml ∶60mg,是,否,△
364,MED-2026-W364,西药,十五、抗肿瘤药,（一）烷化剂,,替莫唑胺,Temozolomide,TMZA,胶囊：20mg 、100mg； 注射用无菌粉末： 100mg,是,否,△
365,MED-2026-W365,西药,十五、抗肿瘤药,（二）抗代谢药,,甲氨蝶呤,Methotrexate,JADL,片剂：2.5mg； 注射液：2ml ∶50mg 、10ml ∶1g； 注射用无菌粉末：5mg 、100mg,是,否,△
366,MED-2026-W366,西药,十五、抗肿瘤药,（二）抗代谢药,,培美曲塞,Pemetrexed,PMQS,注射用无菌粉末：0. 1g、0.2g、0.5g,是,否,△
367,MED-2026-W367,西药,十五、抗肿瘤药,（二）抗代谢药,,巯嘌呤,Mercaptopurine,QPL,片剂：25mg 、50mg,是,否,△
368,MED-2026-W368,西药,十五、抗肿瘤药,（二）抗代谢药,,阿糖胞苷,Cytarabine,ATBG,注射用无菌粉末：50mg 、100mg、 500mg,是,否,△
369,MED-2026-W369,西药,十五、抗肿瘤药,（二）抗代谢药,,羟基脲,Hydroxycarbamide,QJN,片剂：0.5g,是,否,△
370,MED-2026-W370,西药,十五、抗肿瘤药,（二）抗代谢药,,氟尿嘧啶,Fluorouracil,FNMD,注射液： 10ml ∶0.25g 、10ml ∶0.5g,是,否,△
371,MED-2026-W371,西药,十五、抗肿瘤药,（二）抗代谢药,,吉西他滨,Gemcitabine,JXTB,注射用无菌粉末：0.2g 、1.0g,是,否,△
372,MED-2026-W372,西药,十五、抗肿瘤药,（三）抗肿瘤抗生素,,依托泊苷,Etoposide,YTPG,注射液：2ml ∶40mg 、5ml ∶100mg,是,否,△
373,MED-2026-W373,西药,十五、抗肿瘤药,（三）抗肿瘤抗生素,,多柔比星,Doxorubicin,DRBX,注射用无菌粉末： 10mg,是,否,△
374,MED-2026-W374,西药,十五、抗肿瘤药,（三）抗肿瘤抗生素,,柔红霉素,Daunorubicin,RHMS,注射用无菌粉末：20mg,是,否,△
375,MED-2026-W375,西药,十五、抗肿瘤药,（三）抗肿瘤抗生素,,平阳霉素,BleomycinA5,PYMS,注射用无菌粉末：4mg 、8mg,是,否,△
376,MED-2026-W376,西药,十五、抗肿瘤药,（四）抗肿瘤植物成分药,,长春新碱,Vincristine,CCXJ,注射液： 1ml ∶1mg； 注射用无菌粉末： 1mg,是,否,△
377,MED-2026-W377,西药,十五、抗肿瘤药,（四）抗肿瘤植物成分药,,紫杉醇,Paclitaxel,ZSC,注射液：5ml ∶30mg 、10ml ∶60mg； （白蛋白结合型）注射用无菌粉末： 100mg,是,否,△
378,MED-2026-W378,西药,十五、抗肿瘤药,（四）抗肿瘤植物成分药,,高三尖杉酯碱,Homoharringtonine,GSJSZJ,注射液： 1ml ∶1mg 、2ml ∶2mg,是,否,△
379,MED-2026-W379,西药,十五、抗肿瘤药,（五）抗肿瘤激素类,,他莫昔芬,Tamoxifen,TMXF,片剂： 10mg,是,否,△
380,MED-2026-W380,西药,十五、抗肿瘤药,（五）抗肿瘤激素类,,来曲唑,Letrozole,LQZ,片剂：2.5mg,否,否,
381,MED-2026-W381,西药,十五、抗肿瘤药,（六）其他抗肿瘤药,,顺铂,Cisplatin,SB,注射液： 1mg/ml 、5mg/ml； 注射用无菌粉末： 10mg 、20mg、 30mg,是,否,△
382,MED-2026-W382,西药,十五、抗肿瘤药,（六）其他抗肿瘤药,,奥沙利铂,Oxaliplatin,ASLB,注射液： 10ml ∶50mg； 注射用无菌粉末：50mg 、100mg,是,否,△
383,MED-2026-W383,西药,十五、抗肿瘤药,（六）其他抗肿瘤药,,卡铂,Carboplatin,KB,注射液： 10ml ∶100mg； 注射用无菌粉末：50mg 、100mg,是,否,△
384,MED-2026-W384,西药,十五、抗肿瘤药,（六）其他抗肿瘤药,,三氧化二砷（亚砷酸）,Arsenic Trioxide (Arsenious Acid),SYHESYSS,注射液：5ml ∶5mg 、10ml ∶10mg； 注射用无菌粉末：5mg 、10mg,是,否,△
385,MED-2026-W385,西药,十五、抗肿瘤药,（六）其他抗肿瘤药,,门冬酰胺酶,Asparaginase,MDXAM,注射用无菌粉末：5000 单位、 10000 单位,是,否,△
386,MED-2026-W386,西药,十五、抗肿瘤药,（六）其他抗肿瘤药,,亚叶酸钙,Calcium Folinate,YYSG,注射液： 10ml ∶100mg； 注射用无菌粉末：3mg 、25mg、 50mg 、100mg,是,否,△
387,MED-2026-W387,西药,十五、抗肿瘤药,（六）其他抗肿瘤药,,维A酸,Tretinoin,WAS,片剂： 10mg,是,否,△
388,MED-2026-W388,西药,十五、抗肿瘤药,（六）其他抗肿瘤药,,卡培他滨,Capecitabine,KPTB,片剂：0. 15g 、0.5g,是,否,△
389,MED-2026-W389,西药,十五、抗肿瘤药,（六）其他抗肿瘤药,,硼替佐米,Bortezomib,PTZM,注射用无菌粉末： 1mg 、2.5mg、 3.5mg,是,否,△
390,MED-2026-W390,西药,十五、抗肿瘤药,（七）抗肿瘤治疗用解毒药,,美司钠,Mesna,MSN,注射液：2ml ∶0.2g 、4ml ∶0.4g,是,否,△
391,MED-2026-W391,西药,十五、抗肿瘤药,（八）抗肿瘤靶向药,,吉非替尼,Gefitinib,JFTN,片剂：0.25g,是,否,△
392,MED-2026-W392,西药,十五、抗肿瘤药,（八）抗肿瘤靶向药,,伊马替尼,Imatinib,YMTN,片剂：0. 1g 、0.4g； 胶囊：0.05g 、0. 1g,是,否,△
393,MED-2026-W393,西药,十五、抗肿瘤药,（八）抗肿瘤靶向药,,埃克替尼,Icotinib,AKTN,片剂： 125mg,是,否,△
394,MED-2026-W394,西药,十五、抗肿瘤药,（八）抗肿瘤靶向药,,奥希替尼,Osimertinib,AXTN,片剂：40mg 、80mg,是,否,△
395,MED-2026-W395,西药,十五、抗肿瘤药,（八）抗肿瘤靶向药,,利妥昔单抗,Rituximab,LTXDK,注射液：100mg/10ml、500mg/50ml,是,否,△
396,MED-2026-W396,西药,十五、抗肿瘤药,（八）抗肿瘤靶向药,,曲妥珠单抗,Trastuzumab,QTZDK,注射用无菌粉末：60mg 、150mg、 440mg,是,否,△
397,MED-2026-W397,西药,十五、抗肿瘤药,（八）抗肿瘤靶向药,,贝伐珠单抗,Bevacizumab,BFZDK,注射液：4ml ∶100mg、16ml ∶400mg,是,否,△
398,MED-2026-W398,西药,十五、抗肿瘤药,（八）抗肿瘤靶向药,,奥拉帕利,Olaparib,ALPL,片剂： 100mg 、150mg,是,否,△
399,MED-2026-W399,西药,十六、维生素、矿物质类药,（一）维生素,,维生素,B1 Vitamin B1,WSS,注射液：2ml ∶50mg 、2ml ∶100mg,否,否,
400,MED-2026-W400,西药,十六、维生素、矿物质类药,（一）维生素,,维生素,B2 Vitamin B2,WSS,片剂：5mg 、10mg,否,否,
401,MED-2026-W401,西药,十六、维生素、矿物质类药,（一）维生素,,维生素,B6 Vitamin B6,WSS,片剂： 10mg； 注射液： 1ml ∶50mg 、2ml ∶0. 1g,否,否,
402,MED-2026-W402,西药,十六、维生素、矿物质类药,（一）维生素,,维生素,C Vitamin C,WSS,注射液：2ml ∶0.5g 、5ml ∶1g,否,否,
403,MED-2026-W403,西药,十六、维生素、矿物质类药,（一）维生素,,多种维生素（12）,Multivitamin (12),DZWSS12,注射用无菌粉末,是,否,△
404,MED-2026-W404,西药,十六、维生素、矿物质类药,（二）矿物质,,葡萄糖酸钙,Calcium Gluconate,PTTSG,片剂：0.5g； 注射液： 10ml ∶1g,否,否,
405,MED-2026-W405,西药,十六、维生素、矿物质类药,（二）矿物质,,复合磷酸氢钾,Composite Potassium Hydrogen Phosphate,FHLSQJ,注射液：2ml（磷酸二氢钾 0.4354g与磷酸氢二钾 0.639g）,否,否,
406,MED-2026-W406,西药,十六、维生素、矿物质类药,（三）肠外营养药,,复方氨基酸 18AA,Compound Amino Acid 18AA,FFAJS18AA,注射液：200ml ∶12.25g（总氨基酸）、200ml ∶20.65g（总氨基酸）、 250ml ∶12.5g（总氨基酸）； 小儿复方氨基酸注射液（ 18AA- Ⅰ)：20ml ∶1.348g（总氨基酸）小儿复方氨基酸注射液（ 18AA- Ⅱ)： 50ml ∶3.0g（总氨基酸）,否,否,
407,MED-2026-W407,西药,十六、维生素、矿物质类药,（三）肠外营养药,,脂肪乳氨基酸葡萄糖,"Fat Emulsion, Amino Acids and Glucose",ZFRAJSPTT,注射液： 1440ml（20% 脂肪乳注射液 255ml；复方氨基酸注射液（ 17）300ml； 11% 葡萄糖注射液 885ml ）、1920ml（20% 脂肪乳注射液 340ml；复方氨基酸注射液（ 17）400ml； 11% 葡萄糖注射液 1180ml）,是,否,△
408,MED-2026-W408,西药,十六、维生素、矿物质类药,（三）肠外营养药,,中/ 长链脂肪乳,"Medium and Long Chain
Fat Emulsion",ZCLZFR,注射液：250ml（大豆油 12.5g；中链甘油三酸酯 12.5g）、250ml（大豆油 25g；中链甘油三酸酯 25g；卵磷脂 3g）,是,否,△
409,MED-2026-W409,西药,十六、维生素、矿物质类药,（四）肠内营养药,,整蛋白型肠内营养剂（粉剂）,Intact Protein Enteral Nutrition Powder,ZDBXCNYYJFJ,粉剂：320g/ 听,是,否,△
410,MED-2026-W410,西药,十七、调节水、电解质及酸碱平衡药,（一）水、电解质平衡调节药,,口服补液盐,Oral Rehydration Salts,KFBYY,散剂(Ⅰ、Ⅱ、Ⅲ),否,否,
411,MED-2026-W411,西药,十七、调节水、电解质及酸碱平衡药,（一）水、电解质平衡调节药,,氯化钠,Sodium Chloride,LHN,注射液：0.9%（ 10ml、50ml、100ml、 250ml、500ml、1000ml ）、10%（10ml、100ml）,否,否,
412,MED-2026-W412,西药,十七、调节水、电解质及酸碱平衡药,（一）水、电解质平衡调节药,,葡萄糖,Glucose,PTT,注射液：5%（ 100ml、200ml、250ml、 500ml 、1000ml ）、10%（ 100ml 、 200ml 、250ml 、500ml 、1000ml ）、 25%（ 20ml 、100ml 、250ml、 500ml ）、50%（ 20ml 、100ml、 250ml）,否,否,
413,MED-2026-W413,西药,十七、调节水、电解质及酸碱平衡药,（一）水、电解质平衡调节药,,葡萄糖氯化钠,Glucose and Sodium Chloride,PTTLHN,注射液：50ml 、100ml 、250ml、 500ml,否,否,
414,MED-2026-W414,西药,十七、调节水、电解质及酸碱平衡药,（一）水、电解质平衡调节药,,复方氯化钠,Compound Sodium Chloride,FFLHN,注射液：250ml 、500ml,否,否,
415,MED-2026-W415,西药,十七、调节水、电解质及酸碱平衡药,（一）水、电解质平衡调节药,,氯化钾,Potassium Chloride,LHJ,缓释片：0.5g； 注射液： 10ml ∶1g 、10ml ∶1.5g颗粒剂,否,否,
416,MED-2026-W416,西药,十七、调节水、电解质及酸碱平衡药,（二）酸碱平衡调节药,,乳酸钠林格,Sodium Lactate Ringer's,RSNLG,注射液：500ml,否,否,
417,MED-2026-W417,西药,十七、调节水、电解质及酸碱平衡药,（二）酸碱平衡调节药,,碳酸氢钠,Sodium Bicarbonate,TSQN,片剂：0.3g 、0.5g； 注射液： 10ml ∶0.5g 、50ml ∶4.2g、 100ml ∶1.4g 、250ml ∶12.5g,否,否,
418,MED-2026-W418,西药,十七、调节水、电解质及酸碱平衡药,（三）其他,,司维拉姆,Sevelamer,SWLM,片剂：0.8g,是,否,△
419,MED-2026-W419,西药,十八、解毒药,（一）氰化物中毒解毒药,,硫代硫酸钠,Sodium Thiosulfate,LDLSN,注射液： 10ml ∶0.5g 、20ml ∶1.0g、 20ml ∶10g； 注射用无菌粉末：0.32g 、0.64g,否,否,
420,MED-2026-W420,西药,十八、解毒药,（二）有机磷酸酯类中毒解毒药,,氯解磷定,Pralidoxime Chloride,LJLD,注射液：2ml ∶0.25g 、2ml ∶0.5g,否,否,
421,MED-2026-W421,西药,十八、解毒药,（二）有机磷酸酯类中毒解毒药,,碘解磷定,Pralidoxime Iodide,DJLD,注射液：20ml ∶0.5g,否,否,
422,MED-2026-W422,西药,十八、解毒药,（二）有机磷酸酯类中毒解毒药,,戊乙奎醚,Penehyclidine,WYKM,注射液： 1ml ∶0.5mg 、1ml ∶1mg、 2ml ∶2mg,否,否,
423,MED-2026-W423,西药,十八、解毒药,（三）亚硝酸盐中毒解毒药,,亚甲蓝,"Methylthioninium
Chloride",YJL,注射液：2ml ∶20mg 、5ml ∶50mg、 10ml ∶100mg,否,否,
424,MED-2026-W424,西药,十八、解毒药,（四）阿片类中毒解毒药,,纳洛酮,Naloxone,NLT,注射液： 1ml ∶0.4mg 、1ml ∶1mg、 2ml ∶2mg； 注射用无菌粉末：0.4mg 、1.0mg、 2.0mg,否,否,
425,MED-2026-W425,西药,十八、解毒药,（五）鼠药解毒药,,乙酰胺,Acetamide,YXA,注射液：2ml ∶1.0g 、5ml ∶2.5g、 10ml ∶5.0g,否,否,
426,MED-2026-W426,西药,十八、解毒药,（六）其他,,氟马西尼,Flumazenil,FMXN,注射液：2ml ∶0.2mg 、5ml ∶0.5mg、 10ml ∶1.0mg,否,否,
*（85）,MED-2026-W085,西药,十八、解毒药,（六）其他,,青霉胺,Penicillamine,QMA,片剂：0. 125g,是,是,△
427,MED-2026-W427,西药,十九、生物制品,,,破伤风抗毒素,Tetanus Antitoxin,PSFKDS,注射液： 1500IU 、10000IU,否,否,
428,MED-2026-W428,西药,十九、生物制品,,,抗狂犬病血清,Rabies Antiserum,KKQBXQ,注射液：400IU 、700IU,否,否,
429,MED-2026-W429,西药,十九、生物制品,,,抗蛇毒血清,,KSDXQ,注射液,否,否,注释 6
430,MED-2026-W430,西药,十九、生物制品,,,破伤风人免疫球蛋白,"Human Tetanus
Immunoglobulin",PSFRMYQDB,注射液：250IU（2.5ml ）、500IU （5ml）,否,否,
431,MED-2026-W431,西药,十九、生物制品,,,国家免疫规划用疫苗,,GJMYGHYYM,,否,否,注释 7
432,MED-2026-W432,西药,二十、诊断用药,（一）造影剂,,硫酸钡,Barium Sulfate,LSB,干混悬剂(Ⅰ型、Ⅱ型）,否,否,
433,MED-2026-W433,西药,二十、诊断用药,（一）造影剂,,碘化油,Iodinated Oil,DHY,注射液： 10ml,否,否,
434,MED-2026-W434,西药,二十、诊断用药,（一）造影剂,,碘海醇,Iohexol,DHC,注射液：20ml ∶6g（I ）、50ml ∶15g （I ）、100ml ∶30g（I ）、100ml ∶35g（I）,否,否,
435,MED-2026-W435,西药,二十、诊断用药,（一）造影剂,,碘佛醇,Ioversol,DFC,注射液：20ml ∶6.4g（I ）、50ml ∶16g （I ）、100ml ∶32g（I ）、100ml ∶35g（I）,否,否,
436,MED-2026-W436,西药,二十、诊断用药,（一）造影剂,,钆布醇,Gadobutrol,GBC,注射液：7.5ml ∶4.5354g、 10ml ∶6.0472g 、15ml ∶9.0708g,否,否,
437,MED-2026-W437,西药,二十、诊断用药,（二）其他,,结核菌素纯蛋白衍生物,Purified Protein Derivative of Tuberculin,JHJSCDBYSW,注射液,否,否,
*（20）,MED-2026-W020,西药,二十一、皮肤科用药,（一）抗感染药,,红霉素,Erythromycin,HMS,软膏剂： 1%,否,是,
*（42）,MED-2026-W042,西药,二十一、皮肤科用药,（一）抗感染药,,阿昔洛韦,Aciclovir,AXLW,乳膏剂：3%,否,是,
438,MED-2026-W438,西药,二十一、皮肤科用药,（一）抗感染药,,磺胺嘧啶银,Sulfadiazine Silver,HAMDY,乳膏剂： 1%,否,否,
439,MED-2026-W439,西药,二十一、皮肤科用药,（一）抗感染药,,咪康唑,Miconazole,MKZ,乳膏剂：2%,否,否,
440,MED-2026-W440,西药,二十一、皮肤科用药,（一）抗感染药,,特比萘芬,Terbinafine,TBNF,片剂：0. 125g 、0.25g； 乳膏剂： 1%,否,否,
441,MED-2026-W441,西药,二十一、皮肤科用药,（一）抗感染药,,曲安奈德益康唑,Triamcinolone Acetonide and Econazole,QANDYKZ,乳膏剂：1g（曲安奈德 1mg 与硝酸益康唑 10mg）、10g （硝酸益康唑0.10g 与曲安奈德 10mg）、15g（硝酸益康唑 0.15g 与曲安奈德 15mg、醋酸曲安奈德 16.5mg 与硝酸益康唑 150mg）,否,否,
442,MED-2026-W442,西药,二十一、皮肤科用药,（一）抗感染药,,莫匹罗星,Mupirocin,MPLX,软膏剂：2%,否,否,
443,MED-2026-W443,西药,二十一、皮肤科用药,（二）角质溶解药,,尿素,Urea,NS,软膏剂、乳膏剂： 10% 、20%,否,否,
444,MED-2026-W444,西药,二十一、皮肤科用药,（二）角质溶解药,,鱼石脂,Ichthammol,YSZ,软膏剂： 10%,否,否,
445,MED-2026-W445,西药,二十一、皮肤科用药,（二）角质溶解药,,水杨酸,Salicylic Acid,SYS,软膏剂：2% 、5%,否,否,
*（307）,MED-2026-W307,西药,二十一、皮肤科用药,（三）肾上腺皮质激素类药,,氢化可的松,Hydrocortisone,QHKDS,（含醋酸酯）乳膏剂： 1%； （丁酸酯）乳膏剂：0.1%,否,是,
446,MED-2026-W446,西药,二十一、皮肤科用药,（三）肾上腺皮质激素类药,,糠酸莫米松,Mometasone Furoate,KSMMS,乳膏剂：0.1%,否,否,
447,MED-2026-W447,西药,二十一、皮肤科用药,（四）其他,,炉甘石,Calamine,LGS,洗剂,否,否,
*（387）,MED-2026-W387,西药,二十一、皮肤科用药,（四）其他,,维A酸,Tretinoin,WAS,乳膏剂：0.025% 、0.05% 、0.1%,否,是,
448,MED-2026-W448,西药,二十一、皮肤科用药,（四）其他,,依沙吖啶,Ethacridine,YSAD,外用溶液剂：0.1%,否,否,
449,MED-2026-W449,西药,二十一、皮肤科用药,（四）其他,,司普奇拜单抗,Stapokibart,SPQBDK,注射液：2ml ∶300mg,是,否,△
*（20）,MED-2026-W020,西药,二十二、眼科用药,（一）抗感染药,,红霉素,Erythromycin,HMS,眼膏剂：0.5%,否,是,
450,MED-2026-W450,西药,二十二、眼科用药,（一）抗感染药,,氯霉素,Chloramphenicol,LMS,滴眼剂：8ml ∶20mg,否,否,
*（30）,MED-2026-W030,西药,二十二、眼科用药,（一）抗感染药,,左氧氟沙星,Levofloxacin,ZYFSX,滴眼剂：0.3% 、0.488%,否,是,
451,MED-2026-W451,西药,二十二、眼科用药,（一）抗感染药,,加替沙星,Gatifloxacin,JTSX,滴眼剂、眼用凝胶：0.3%,否,否,
*（42）,MED-2026-W042,西药,二十二、眼科用药,（一）抗感染药,,阿昔洛韦,Aciclovir,AXLW,滴眼剂：8ml ∶8mg,否,是,
452,MED-2026-W452,西药,二十二、眼科用药,（一）抗感染药,,利福平,Rifampicin,LFP,滴眼剂： 10ml ∶5mg 、10ml ∶10mg,否,否,
453,MED-2026-W453,西药,二十二、眼科用药,（二）青光眼用药,,毛果芸香碱,Pilocarpine,MGYXJ,注射液： 1ml ∶2mg滴眼剂,否,否,
454,MED-2026-W454,西药,二十二、眼科用药,（二）青光眼用药,,他氟前列素,Tafluprost,TFQLS,滴眼剂：0.0015%,否,否,
455,MED-2026-W455,西药,二十二、眼科用药,（二）青光眼用药,,噻吗洛尔,Timolol,SMLE,滴眼剂：5ml ∶12.5mg 、5ml ∶25mg,否,否,
456,MED-2026-W456,西药,二十二、眼科用药,（二）青光眼用药,,乙酰唑胺,Acetazolamide,YXZA,片剂：0.25g,否,否,
*（240）,MED-2026-W240,西药,二十二、眼科用药,（三）其他,,阿托品,Atropine,ATP,眼膏剂： 1%,否,是,
457,MED-2026-W457,西药,二十二、眼科用药,（三）其他,,可的松,Cortisone,KDS,眼膏剂：0.25% 、0.5% 、1%； 滴眼剂：3ml ∶15mg,否,否,
458,MED-2026-W458,西药,二十二、眼科用药,（三）其他,,复方托吡卡胺,Compound Tropicamide,FFTBKA,滴眼剂： 1ml（托吡卡胺 5mg，盐酸去氧肾上腺素 5mg）、5ml（托吡卡胺 25mg，盐酸去氧肾上腺素25mg）,否,否,
459,MED-2026-W459,西药,二十二、眼科用药,（三）其他,,康柏西普,Conbercept,KBXP,眼用注射液： 10mg/ml ，0.2ml/ 支； 10mg/ml ，0.05ml/ 支（预充式）,是,否,△
460,MED-2026-W460,西药,二十三、耳鼻喉科用药,,,麻黄碱,Ephedrine,MHJ,滴鼻剂： 1%,否,否,
461,MED-2026-W461,西药,二十三、耳鼻喉科用药,,,氧氟沙星,Ofloxacin,YFSX,滴耳剂：5ml ∶15mg,否,否,
462,MED-2026-W462,西药,二十三、耳鼻喉科用药,,,地芬尼多,Difenidol,DFND,片剂：25mg,否,否,
463,MED-2026-W463,西药,二十三、耳鼻喉科用药,,,羟甲唑啉,Oxymetazoline,QJZL,滴鼻剂：3ml ∶1.5mg 、5ml ∶2.5mg、 10ml ∶5mg； 喷雾剂：5ml ∶1.25mg 、10ml ∶5mg,否,否,
*（221）,MED-2026-W221,西药,二十三、耳鼻喉科用药,,,丙酸氟替卡松,Fluticasone Propionate,BSFTKS,鼻喷雾剂：0.05%（50μg/ 喷）,否,是,
*（446）,MED-2026-W446,西药,二十三、耳鼻喉科用药,,,糠酸莫米松,Mometasone Furoate,KSMMS,鼻喷雾剂：50μg/ 揿（0.05%）,否,是,
*（449）,MED-2026-W449,西药,二十三、耳鼻喉科用药,,,司普奇拜单抗,Stapokibart,SPQBDK,注射液：2ml ∶300mg,是,是,△
464,MED-2026-W464,西药,二十四、妇产科用药,（一）子宫收缩药,,缩宫素,Oxytocin,SGS,注射液： 1ml ∶5 单位、 1ml ∶10 单位,否,否,
465,MED-2026-W465,西药,二十四、妇产科用药,（一）子宫收缩药,,麦角新碱,Ergometrine,MJXJ,注射液： 1ml ∶0.2mg 、1ml ∶0.5mg,否,否,
466,MED-2026-W466,西药,二十四、妇产科用药,（一）子宫收缩药,,垂体后叶注射液,Posterior Pituitary Injection,CTHYZSY,注射液：0.5ml ∶3 单位、1ml ∶6 单位,否,否,
467,MED-2026-W467,西药,二十四、妇产科用药,（一）子宫收缩药,,米非司酮,Mifepristone,MFST,片剂： 10mg 、25mg 、200mg,否,否,
468,MED-2026-W468,西药,二十四、妇产科用药,（一）子宫收缩药,,米索前列醇,Misoprostol,MSQLC,片剂：200μg,否,否,
*（448）,MED-2026-W448,西药,二十四、妇产科用药,（一）子宫收缩药,,依沙吖啶,Ethacridine,YSAD,注射液：2ml ∶50mg,否,是,
469,MED-2026-W469,西药,二十四、妇产科用药,（一）子宫收缩药,,卡前列甲酯,Carboprost Methylate,KQLJZ,栓剂：0.5mg 、1mg,否,否,
*（439）,MED-2026-W439,西药,二十四、妇产科用药,（二）其他,,咪康唑,Miconazole,MKZ,栓剂：0.2g 、0.4g； 阴道软胶囊：0.4g,否,是,
*（32）,MED-2026-W032,西药,二十四、妇产科用药,（二）其他,,甲硝唑,Metronidazole,JXZ,栓剂：0.5g； 阴道泡腾片：0.2g,否,是,
470,MED-2026-W470,西药,二十四、妇产科用药,（二）其他,,克霉唑,Clotrimazole,KMZ,栓剂：0. 15g； 阴道片：0.5g,否,否,
*（95）,MED-2026-W095,西药,二十四、妇产科用药,（二）其他,,溴隐亭,Bromocriptine,XYT,片剂：2.5mg,否,是,
471,MED-2026-W471,西药,二十四、妇产科用药,（二）其他,,避孕药,,BYY,,否,否,注释 8
472,MED-2026-W472,西药,二十五、儿科用药,,,咖啡因,Caffeine,KFY,（枸橼酸盐）注射液： 1ml ∶20mg,是,否,△
473,MED-2026-W473,西药,二十五、儿科用药,,,牛肺表面活性剂,Calf Pulmonary Surfactant,NFBMHXJ,注射用无菌粉末：70mg,是,否,△
474,MED-2026-W474,西药,二十五、儿科用药,,,培门冬酶,Pegaspargase,PMDM,注射液：2ml ∶1500IU、5ml ∶3750IU,是,否,△
475,MED-2026-W475,西药,二十五、儿科用药,,,水合氯醛,Chloral Hydrate,SHLQ,糖浆剂： 10ml ∶1g； 糖浆组合包装：水合氯醛浓缩液 1.342g∶1g/ 糖浆（稀释液）9ml， 水合氯醛浓缩液 0.671g∶0.5g/ 糖浆（稀释液）4.5ml； 灌肠剂： 1.34g∶0.5g,是,否,△
476,MED-2026-W476,西药,二十五、儿科用药,,,哌甲酯,Methylphenidate,PJZ,片剂： 10mg 、100mg； 缓释片： 18mg 、27mg 、36mg； 缓释胶囊：5mg 、10mg 、20mg、 30mg 、40mg,是,否,△
1,MED-2026-T001,中成药,一、内科用药,（一）解表剂,辛温解表,九味羌活丸（颗粒）,,JWQHWKL,丸剂：每丸重 9g，每 10 丸重 1.8g，每袋装 6g 、9g； 颗粒剂：每袋装 5g 、15g,否,否,
2,MED-2026-T002,中成药,一、内科用药,（一）解表剂,辛温解表,感冒清热颗粒（胶囊）,,GMQRKLJN,颗粒剂：每袋装 3g、6g（相当于饮片 8.85g）、12g（相当于饮片 8.85g）； 胶囊：每粒装 0.45g,否,否,
3,MED-2026-T003,中成药,一、内科用药,（一）解表剂,辛温解表,正柴胡饮颗粒,,ZCHYKL,颗粒剂：每袋装 3g 、10g,否,否,
4,MED-2026-T004,中成药,一、内科用药,（一）解表剂,辛温解表,荆防颗粒（合剂）,,JFKLHJ,颗粒剂：每袋装 15g； 合剂：每瓶（支）装 10ml （每 1ml 相当于饮片 1g）,否,否,
5,MED-2026-T005,中成药,一、内科用药,（一）解表剂,辛凉解表,柴胡注射液,,CHZSY,注射液：每支装 2ml,是,否,△
6,MED-2026-T006,中成药,一、内科用药,（一）解表剂,辛凉解表,金花清感颗粒,,JHQGKL,颗粒剂：每袋装 5g（相当于饮片 17.3g）,否,否,
7,MED-2026-T007,中成药,一、内科用药,（一）解表剂,辛凉解表,银翘解毒丸（颗粒、胶囊、软胶囊、片）,,YQJDWKLJNRJNP,丸剂：每丸重 3g 、9g，每10 丸重 1.5g（每 1g 相当于饮片 0.61g）； 颗粒剂：每袋装 15g（相当于原药材 15g）； 胶囊：每粒装 0.4g； 软胶囊：每粒装 0.45g（相当于饮片 2.24g）； 片剂：每片重 0.3g 、0.5g、 0.52g,否,否,
8,MED-2026-T008,中成药,一、内科用药,（一）解表剂,辛凉解表,芎菊上清丸（颗粒、片）,,QJSQWKLP,丸剂：每丸重 9g，每 100丸重 6g，每袋装 6g； 颗粒剂：每袋装 10g； 片剂：每片重 0.25g 、0.3g,否,否,
9,MED-2026-T009,中成药,一、内科用药,（一）解表剂,辛凉解表,牛黄清感胶囊,,NHQGJN,胶囊：每粒装 0.3g,否,否,
10,MED-2026-T010,中成药,一、内科用药,（一）解表剂,辛凉解表,祖卡木颗粒,,ZKMKL,颗粒剂：每袋装 6g 、12g,否,否,
11,MED-2026-T011,中成药,一、内科用药,（一）解表剂,辛凉解表,复方银花解毒颗粒,,FFYHJDKL,颗粒剂：每袋装 15g,否,否,
12,MED-2026-T012,中成药,一、内科用药,（一）解表剂,辛凉解表,柴银颗粒（口服液）,,CYKLKFY,颗粒剂：每袋装 8g； 合剂：每瓶装 20ml,否,否,
13,MED-2026-T013,中成药,一、内科用药,（一）解表剂,表里双解,防风通圣丸（颗粒）,,FFTSWKL,丸剂：每丸重 9g，每 8 丸相当于原药材 3g 、6g，每20 丸重 1g； 颗粒剂：每袋装 3g,否,否,
14,MED-2026-T014,中成药,一、内科用药,（一）解表剂,表里双解,小柴胡颗粒（片）,,XCHKLP,颗粒剂：每袋装 10g（每袋相当于饮片 4.86g）、4g （每袋相当于饮片 4.86g）、 3g 、2.5g； 片剂：每片重 0.4g,否,否,
15,MED-2026-T015,中成药,一、内科用药,（一）解表剂,扶正解表,玉屏风颗粒,,YPFKL,颗粒剂：每袋装 5g（相当于饮片 10g）,否,否,
16,MED-2026-T016,中成药,一、内科用药,（二）泻下剂,润肠通便,麻仁润肠丸（软胶囊）,,MRRCWRJN,丸剂：每丸重 6g，每 10 粒重 1.6g，每袋装 6g（每 30丸重 6g）； 软胶囊：每粒装 0.5g,否,否,
17,MED-2026-T017,中成药,一、内科用药,（三）清热剂,清热泻火,黄连上清丸（颗粒、胶囊、片）,,HLSQWKLJNP,丸剂：每丸重 6g，每 10 丸重 0.3g，每 40 丸重 3g，每袋装 6g； 颗粒剂：每袋装 2g； 胶囊：每粒装 0.4g； 片剂：每片重 0.25g、0.3g、 0.31g,否,否,
18,MED-2026-T018,中成药,一、内科用药,（三）清热剂,清热泻火,牛黄解毒丸（胶囊、软胶囊、片）,,NHJDWJNRJNP,丸剂：每丸重 3g，每 100丸重 5g，每袋装 4g； 胶囊：每粒装 0.3g； 软胶囊：每粒装 0.4g； 片剂：每片重 0.25g、0.27g、 0.3g,否,否,
19,MED-2026-T019,中成药,一、内科用药,（三）清热剂,清热泻火,牛黄上清丸（胶囊、片）,,NHSQWJNP,丸剂：每丸重 6g，每 16 粒重 3g，每 100 粒重 10g； 胶囊：每粒装 0.3g； 片剂：每片重 0.25g（相当于饮片 0.622g）、0.265g（相当于饮片 0.62g）、0.3g,否,否,
20,MED-2026-T020,中成药,一、内科用药,（三）清热剂,清热泻火,一清颗粒（胶囊）,,YQKLJN,颗粒剂：每袋装 5g 、7.5g，每 1g 相当于饮片 0.98g； 胶囊：每粒装 0.5g,否,否,
21,MED-2026-T021,中成药,一、内科用药,（三）清热剂,清热解毒,板蓝根颗粒,,BLGKL,颗粒剂：每袋装 3g（相当于饮片 7g）、5g（相当于饮片 7g）、10g （相当于饮片14g）,否,否,
22,MED-2026-T022,中成药,一、内科用药,（三）清热剂,清热解毒,金叶败毒颗粒,,JYBDKL,颗粒剂：每袋装 10g,否,否,
23,MED-2026-T023,中成药,一、内科用药,（三）清热剂,清热解毒,疏风解毒胶囊,,SFJDJN,胶囊：每粒装 0.52g（相当于饮片 2.7g）,否,否,
24,MED-2026-T024,中成药,一、内科用药,（三）清热剂,清热解毒,清热解毒颗粒（口服液）,,QRJDKLKFY,颗粒剂：每袋装 5g 、9g、 18g； 合剂：每支装 10ml,否,否,
25,MED-2026-T025,中成药,一、内科用药,（三）清热剂,清热解毒,复方黄黛片,,FFHDP,片剂：每片重 0.27g,否,否,
26,MED-2026-T026,中成药,一、内科用药,（三）清热剂,清热解毒,唐草片,,TCP,片剂：每片重 0.4g,是,否,△
27,MED-2026-T027,中成药,一、内科用药,（三）清热剂,清热解毒,清热八味胶囊（散、丸）,,QRBWJNSW,胶囊：每粒装 0.3g（相当于饮片 1.134g）； 散剂：每袋装 15g； 丸剂：每 10 粒重 2g,否,否,
28,MED-2026-T028,中成药,一、内科用药,（三）清热剂,清热解毒,热炎宁合剂,,RYNHJ,合剂：每 1ml 相当于饮片1.30g,否,否,
29,MED-2026-T029,中成药,一、内科用药,（三）清热剂,清热祛暑,保济丸（口服液）,,BJWKFY,丸剂：每瓶装 1.85g 、3.7g； 合剂：每 1ml 相当于饮片0.187g,否,否,
30,MED-2026-T030,中成药,一、内科用药,（三）清热剂,清热祛暑,藿香正气水（口服液、软胶囊）,,HXZQSKFYRJN,酊剂：每支装 10ml；每； 1ml 相当于饮片 0.66g，含甘草浸膏 9.76mg、广藿香油 0.78μl、紫苏叶油 0.39μl合剂：每支装10ml；每 1ml相当于饮片 0.66g，含甘草浸膏 10mg、含广藿香油0.8μl、含紫苏叶油 0.4μl； 软胶囊：每粒装 0.45g,是,否,酊剂△
31,MED-2026-T031,中成药,一、内科用药,（三）清热剂,清热祛暑,十滴水,,SDS,酊剂：每瓶（支）装 5ml、 10ml 、100ml 、500ml ；每1ml 相当于饮片 0.07g，含樟脑 25mg、桉油 12.5μl,否,否,
32,MED-2026-T032,中成药,一、内科用药,（三）清热剂,清热利湿,四妙丸,,SMW,丸剂：每 15 粒重 1g,否,否,
33,MED-2026-T033,中成药,一、内科用药,（三）清热剂,清脏腑热,双黄连合剂（口服液、颗粒、胶囊、片）,,SHLHJKFYKLJNP,合剂：每瓶装100ml；每支装 10ml（相当于饮片 7.5g）、 20ml； 每 1ml 相当于饮片1.5g 、3.0g； 颗粒剂：每袋装 5g（相当于净饮片 15g），每袋装 5g （相当于净饮片 30g）； 胶囊：每粒装 0.4g； 片剂：每片重 0.53g,否,否,
34,MED-2026-T034,中成药,一、内科用药,（三）清热剂,清脏腑热,银黄口服液（颗粒、胶囊、片）,,YHKFYKLJNP,合剂：每支装 10ml；每 1ml 含金银花提取物（以绿原酸计）2.4mg，含黄芩提取物（以黄芩苷计） 24mg； 颗粒剂：每袋装 2g、4g（含金银花提取物 0.4g，黄芩提取物 0.16g）； 胶囊：每粒装 0.3g（含提取物 0.14g）； 片剂：每片重 0.25g,否,否,
35,MED-2026-T035,中成药,一、内科用药,（三）清热剂,清脏腑热,茵栀黄口服液（颗粒）,,YZHKFYKL,合剂：每支装 10ml（含黄芩苷 0.4g）； 颗粒剂：每袋装 3g,否,否,
36,MED-2026-T036,中成药,一、内科用药,（三）清热剂,清脏腑热,复方黄连素片,,FFHLSP,片剂：每片含盐酸小檗碱30mg,否,否,
37,MED-2026-T037,中成药,一、内科用药,（三）清热剂,清脏腑热,连花清瘟胶囊（颗粒）,,LHQWJNKL,胶囊：每粒装 0.35g； 颗粒剂：每袋装 6g,否,否,
38,MED-2026-T038,中成药,一、内科用药,（三）清热剂,清脏腑热,香连丸,,XLW,丸剂： 每 6 丸相当于原生药 3g，每 10 丸重 1.5g，每12 丸重约 1g，每 20 丸重1g，每 100 粒重 3g （相当于饮片 3g）,否,否,
39,MED-2026-T039,中成药,一、内科用药,（三）清热剂,清脏腑热,金芪降糖片（胶囊、颗粒）,,JQJTPJNKL,片剂：每片重 0.56g； 胶囊：每粒装 0.4g； 颗粒剂：每袋装 5g,否,否,
40,MED-2026-T040,中成药,一、内科用药,（四）温里剂,温中散寒,附子理中丸（片）,,FZLZWP,丸剂：每丸重 9g，每 8 丸相当于原生药 3g，每袋装6g； 片剂：每片重 0.25g（相当于饮片 0.43g）,否,否,
41,MED-2026-T041,中成药,一、内科用药,（四）温里剂,温中散寒,香砂养胃丸（颗粒、片）,,XSYWWKLP,丸剂：每 8 丸相当于原药材（原生药、饮片）3g，每袋装 9g； 颗粒剂：每袋装 5g； 片剂：每片重 0.6g,否,否,
42,MED-2026-T042,中成药,一、内科用药,（四）温里剂,温中散寒,香砂平胃丸（颗粒）,,XSPWWKL,丸剂：每袋（瓶）装 6g； 颗粒剂：每袋装 5g 、10g,否,否,
43,MED-2026-T043,中成药,一、内科用药,（四）温里剂,温中散寒,理中丸,,LZW,丸剂：每丸重 9g，每 8 丸相当于原药材 3g,否,否,
44,MED-2026-T044,中成药,一、内科用药,（四）温里剂,益气复脉,参麦注射液,,CMZSY,注射液：每支装 10ml、 20ml，每瓶装 50ml、100ml,是,否,△
45,MED-2026-T045,中成药,一、内科用药,（四）温里剂,益气复脉,生脉饮（颗粒、胶囊、注射液）,,SMYKLJNZSY,合剂：每支装 10ml； 颗粒剂：每袋装 2g 、10g； 胶囊：每粒装 0.3g 、0.35g； 注射液：每支装 10ml、 20ml,是,否,注射液△
46,MED-2026-T046,中成药,一、内科用药,（四）温里剂,益气复脉,稳心颗粒,,WXKL,颗粒剂：每袋装 5g（每 1g相当于饮片 1.8g）、9g（每1g 相当于饮片 1.0g）,否,否,
47,MED-2026-T047,中成药,一、内科用药,（五）化痰、止咳、平喘剂,温化寒痰,通宣理肺丸（颗粒、胶囊、片）,,TXLFWKLJNP,丸剂：每丸重 6g，每 8 丸相当于原药材 3g，每 100丸重 10g； 颗粒剂：每袋装 3g（相当于饮片 9.3g）、9g； 胶囊：每粒装 0.36g； 片剂：每片重 0.3g,否,否,
48,MED-2026-T048,中成药,一、内科用药,（五）化痰、止咳、平喘剂,温化寒痰,寒喘祖帕颗粒,,HCZPKL,颗粒剂：每袋装 6g（每 1g相当于饮片 1.53g）、10g（每1g 相当于饮片 0.918g）、 12g（每 1g 相当于饮片0.765g）,否,否,
49,MED-2026-T049,中成药,一、内科用药,（五）化痰、止咳、平喘剂,清热化痰,蛇胆川贝液,,SDCBY,糖浆剂、合剂：每支装 10ml，每 1ml 相当于饮片0.085g,否,否,
50,MED-2026-T050,中成药,一、内科用药,（五）化痰、止咳、平喘剂,清热化痰,橘红丸（颗粒、胶囊、片）,,JHWKLJNP,丸剂：每丸重 6g，每 100丸重 10g； 颗粒剂：每袋装 11g（相当于原生药 7g）； 胶囊：每粒装 0.5g； 片剂：每片重 0.6g,否,否,
51,MED-2026-T051,中成药,一、内科用药,（五）化痰、止咳、平喘剂,清热化痰,急支糖浆（颗粒）,,JZTJKL,糖浆剂：每 1ml 相当于饮片 0.66g； 颗粒剂：每 1g 相当于饮片3.96g,否,否,
52,MED-2026-T052,中成药,一、内科用药,（五）化痰、止咳、平喘剂,清热化痰,肺力咳合剂（胶囊）,,FLKHJJN,合剂：每 1ml 相当于饮片0.187g； 胶囊：每粒装 0.3g,否,否,
53,MED-2026-T053,中成药,一、内科用药,（五）化痰、止咳、平喘剂,润肺化痰,养阴清肺丸（膏、颗粒）,,YYQFWGKL,丸剂：每丸重 9g，每 100粒重 10g； 煎膏剂：每瓶装50g、150g，每瓶装 80ml、100ml； 颗粒剂：每袋装 15g,否,否,
54,MED-2026-T054,中成药,一、内科用药,（五）化痰、止咳、平喘剂,润肺化痰,二母宁嗽丸（颗粒、片）,,EMNSWKLP,丸剂：每丸重 9g（相当于饮片 4g），每 100 丸重 10g颗粒剂：每袋装 3g 、10g； 片剂：每片重 0.55g,否,否,
55,MED-2026-T055,中成药,一、内科用药,（五）化痰、止咳、平喘剂,润肺化痰,润肺膏,,RFG,煎膏剂：每 1g 相当于饮片 20mg，含莱阳梨清膏485mg,否,否,
56,MED-2026-T056,中成药,一、内科用药,（五）化痰、止咳、平喘剂,润肺化痰,"强力枇杷膏（蜜炼）、
强力枇杷露",,QLPPGMLQLPPL,煎膏剂（膏滋）：每瓶装180g 、240g 、300g； 糖浆剂：每瓶装 100ml、 150ml 、250ml 、330ml；每 1ml 相当于饮片 0. 155g，含薄荷脑 0.15mg,否,否,
57,MED-2026-T057,中成药,一、内科用药,（五）化痰、止咳、平喘剂,疏风清热,杏贝止咳颗粒,,XBZKKL,颗粒剂：每 1g 相当于饮片4.416g,否,否,
58,MED-2026-T058,中成药,一、内科用药,（五）化痰、止咳、平喘剂,疏风宣肺,苏黄止咳胶囊,,SHZKJN,胶囊：每粒装 0.45g,否,否,
59,MED-2026-T059,中成药,一、内科用药,（五）化痰、止咳、平喘剂,止咳平喘,蛤蚧定喘丸（胶囊）,,GJDCWJN,丸剂：每丸重 9g，每 60丸重 9g； 胶囊：每粒装 0.5g（相当于饮片 1.57g）,否,否,
60,MED-2026-T060,中成药,一、内科用药,（五）化痰、止咳、平喘剂,止咳平喘,桂龙咳喘宁胶囊（片）,,GLKCNJNP,胶囊：每粒装 0.5g（相当于饮片 1.67g）； 片剂：每片重 0.33g（相当于原药材 1g）、0.34g（相当于原药材 1g）、0.41g 、 0.54g,否,否,
61,MED-2026-T061,中成药,一、内科用药,（五）化痰、止咳、平喘剂,止咳平喘,固本咳喘片（颗粒、胶囊）,,GBKCPKLJN,片剂：每片重 0.4g； 颗粒剂：每袋装 2g； 胶囊：每粒装 0.4g（相当于饮片 0.854g）,否,否,
62,MED-2026-T062,中成药,一、内科用药,（六）开窍剂,清热开窍,安宫牛黄丸,,AGNHW,丸剂：每丸重 3g,否,否,注释 1
63,MED-2026-T063,中成药,一、内科用药,（六）开窍剂,清热开窍,"清开灵颗粒（胶囊、
软胶囊、片、注射液）",,QKLKLJNRJNPZSY,颗粒剂：每袋装 3g（含黄芩苷 20mg）； 胶囊：每粒装 0.25g（含黄芩苷 10mg）； 软胶囊：每粒装 0.2g（含黄芩苷 10mg）、0.4g（含黄芩苷 20mg）； 片剂：每片重 0.5g（含黄芩苷 20mg）； 注射液：每支装2ml、10ml,是,否,注射液△
64,MED-2026-T064,中成药,一、内科用药,（六）开窍剂,清热开窍,安脑丸,,ANW,丸剂：每丸重 3g，每 11 丸重 3g,否,否,
65,MED-2026-T065,中成药,一、内科用药,（六）开窍剂,清热开窍,珍黄安宫片,,ZHAGP,片剂：每片重 0.24g、0.245g,否,否,
66,MED-2026-T066,中成药,一、内科用药,（六）开窍剂,清热开窍,七十味珍珠丸,,QSWZZW,丸剂：每丸重 1g，每 30 丸重 1g,否,否,
67,MED-2026-T067,中成药,一、内科用药,（六）开窍剂,化痰开窍,苏合香丸,,SHXW,丸剂：每丸重 2.4g、3g（相当于饮片 1.54g）,否,否,
68,MED-2026-T068,中成药,一、内科用药,（六）开窍剂,化痰开窍,礞石滚痰丸,,MSGTW,丸剂：每袋（瓶）装 6g,否,否,
69,MED-2026-T069,中成药,一、内科用药,（七）扶正剂,健脾益气,补中益气丸（颗粒）,,BZYQWKL,丸剂：每丸重 9g，每 8 丸相当于原生药 3g，每袋装6g； 颗粒剂：每袋装 3g,否,否,
70,MED-2026-T070,中成药,一、内科用药,（七）扶正剂,健脾益气,参苓白术散（丸、颗粒）,,CLBZSWKL,散剂：每袋装 3g 、6g，每1g 相当于饮片 1g； 丸剂：每 100 粒重 6g； 颗粒剂：每袋装 3g 、6g,否,否,
71,MED-2026-T071,中成药,一、内科用药,（七）扶正剂,健脾益气,肾衰宁胶囊（片、颗粒）,,SSNJNPKL,胶囊：每粒装 0.35g； 片剂：每片重 0.36g、0.43g （相当于饮片 2.4g）； 颗粒剂：每袋装 5g,否,否,
72,MED-2026-T072,中成药,一、内科用药,（七）扶正剂,健脾和胃,香砂六君丸,,XSLJW,丸剂：每 8 丸相当于原生药 3g，每 100 粒重 6g，每袋装 6g,否,否,
73,MED-2026-T073,中成药,一、内科用药,（七）扶正剂,健脾和胃,安胃疡胶囊,,AWYJN,胶囊：每粒含黄酮类化合物 0.2g,否,否,
74,MED-2026-T074,中成药,一、内科用药,（七）扶正剂,健脾和胃,益气和胃胶囊,,YQHWJN,胶囊：每粒装 0.5g,否,否,
75,MED-2026-T075,中成药,一、内科用药,（七）扶正剂,健脾和胃,摩罗丹,,MLD,丸剂：每丸重 9g，每 16 丸重 1.84g（相当于生药材 4.5g），每 55 粒重约 9g,否,否,
76,MED-2026-T076,中成药,一、内科用药,（七）扶正剂,健脾和胃,胃复春片（胶囊）,,WFCPJN,片剂：每片重 0.36g； 胶囊：每粒装 0.35g,否,否,
77,MED-2026-T077,中成药,一、内科用药,（七）扶正剂,健脾养血,归脾丸（合剂）,,GPWHJ,丸剂：每丸重 9g，每 8 丸相当于原生药 3g，每袋装6g 、9g； 合剂：每支装 10ml，每瓶装 100ml,否,否,
78,MED-2026-T078,中成药,一、内科用药,（七）扶正剂,健脾养血,健脾生血颗粒（片）,,JPSXKLP,颗粒剂：每 1g 相当于饮片 0.36g，含硫酸亚铁（FeSO4 ·7H2O）20mg（相当于铁 4mg）； 片剂：每片重 0.6g［含硫酸亚铁（FeSO4 ·7H2O） 100mg（相当于铁 20mg）］,否,否,
79,MED-2026-T079,中成药,一、内科用药,（七）扶正剂,滋阴补肾,六味地黄丸（胶囊）,,LWDHWJN,丸剂：每丸重 9g，每 8 丸重 1.44g（每 8 丸相当于饮片、原药材 3g），每袋装 6g 、9g，每瓶装 60g 、 120g； 胶囊：每粒装 0.3g 、0.5g,否,否,
80,MED-2026-T080,中成药,一、内科用药,（七）扶正剂,滋阴降火,知柏地黄丸,,ZBDHW,丸剂：每丸重 0.2g 、9g ，每 10 丸重 1.7g 、2g，每 100 粒重 20g，每袋装 6g，每瓶装 60g，每 8 丸相当于原生药 3g,否,否,
81,MED-2026-T081,中成药,一、内科用药,（七）扶正剂,滋肾养肝,杞菊地黄丸（胶囊、片）,,QJDHWJNP,丸剂：每丸重 9g，每 8 丸相当于原药材（原生药） 3g，每 100 丸重 10g，每袋装 6g，每瓶装 60g； 胶囊：每粒装 0.3g； 片剂：每片重 0.3g,否,否,
82,MED-2026-T082,中成药,一、内科用药,（七）扶正剂,滋肾养肝,生血宝合剂（颗粒）,,SXBHJKL,合剂：每 1ml 相当于饮片2.67g； 颗粒剂：每袋装 4g 、8g,是,否,△
83,MED-2026-T083,中成药,一、内科用药,（七）扶正剂,滋肾养肝,复方苁蓉益智胶囊,,FFCRYZJN,胶囊：每粒装 0.3g,是,否,△
84,MED-2026-T084,中成药,一、内科用药,（七）扶正剂,补肺益肾,百令胶囊（片）,,BLJNP,胶囊：每粒装0.2g（相当于发酵冬虫夏草菌粉 0.2g）、 0.5g（相当于发酵冬虫夏草菌粉 0.5g）； 片剂：每片重 0.44g（含发酵冬虫夏草菌粉 0.333g）、 0.45g（相当于发酵冬虫夏草菌粉 0.2g）,是,否,△
85,MED-2026-T085,中成药,一、内科用药,（七）扶正剂,补肺益肾,金水宝胶囊（片）,,JSBJNP,胶囊：每粒装 0.33g； 片剂：每片重 0.42g（含发酵虫草菌粉 0.25g）,是,否,△
86,MED-2026-T086,中成药,一、内科用药,（七）扶正剂,温补肾阳,金匮肾气丸（片）,,JKSQWP,丸剂：每丸重 6g（相当于饮片 2.7g），每 10 丸重 2g，每 25 粒重 5g（每 1g 相当于饮片 0.7g），每 100 丸 重 20g（每 1g 相当于饮片 0.7g）； 片剂：每片重 0.27g,否,否,
87,MED-2026-T087,中成药,一、内科用药,（七）扶正剂,温补肾阳,四神丸（片）,,SSWP,丸剂：每袋装 9g； 片剂：每片重 0.3g 、0.6g,否,否,
88,MED-2026-T088,中成药,一、内科用药,（七）扶正剂,温补肾阳,济生肾气丸,,JSSQW,丸剂：每丸重 9g，每 10丸重 2g，每袋装 6g,否,否,
89,MED-2026-T089,中成药,一、内科用药,（七）扶正剂,气血双补,八珍丸（颗粒、胶囊）,,BZWKLJN,丸剂：每丸重 9g，每 8 丸相当于原生药 3g； 颗粒剂：每袋装 3.5g 、8g； 胶囊：每粒装 0.4g,否,否,
90,MED-2026-T090,中成药,一、内科用药,（七）扶正剂,益气养阴,消渴丸,,XKW,丸剂：每 10 丸重 2.5g（含格列本脲 2.5mg）,否,否,
91,MED-2026-T091,中成药,一、内科用药,（七）扶正剂,益气养阴,贞芪扶正颗粒（胶囊）,,ZQFZKLJN,颗粒剂：每袋装 5g 、15g； 胶囊：每粒装 0.35g（相当于原药材 3.125g），每 6 粒相当于原生药 12.5g,否,否,
92,MED-2026-T092,中成药,一、内科用药,（七）扶正剂,益气养阴,参芪降糖颗粒（胶囊、片）,,CQJTKLJNP,颗粒剂：每 1g 相当于饮片2.39g，含人参茎叶总皂苷17.14mg； 胶囊：每粒装 0.35g； 片剂：每片重 0.35g,否,否,
93,MED-2026-T093,中成药,一、内科用药,（七）扶正剂,益气养阴,天芪降糖胶囊,,TQJTJN,胶囊：每粒装 0.32g,否,否,
94,MED-2026-T094,中成药,一、内科用药,（七）扶正剂,益气养阴,津力达颗粒,,JLDKL,颗粒剂：每袋装 9g,是,否,△
95,MED-2026-T095,中成药,一、内科用药,（七）扶正剂,益气养阴,益气维血胶囊（片、颗粒）,,YQWXJNPKL,胶囊：每粒装 0.45g； 片剂：每片重 0.57g； 颗粒剂：每袋装 10g,否,否,
96,MED-2026-T096,中成药,一、内科用药,（七）扶正剂,益气养阴,玉泉胶囊（颗粒）,,YQJNKL,胶囊：每粒装 0.5g 、0.6g； 颗粒剂：每袋装 5g,否,否,
97,MED-2026-T097,中成药,一、内科用药,（七）扶正剂,益气复脉,芪苈强心胶囊,,QLQXJN,胶囊：每粒装 0.3g（相当于饮片 1.90g）,否,否,
98,MED-2026-T098,中成药,一、内科用药,（七）扶正剂,益气复脉,养心定悸胶囊（颗粒）,,YXDJJNKL,胶囊：每粒装 0.5g； 颗粒剂：每袋装 12g,否,否,
99,MED-2026-T099,中成药,一、内科用药,（八）安神剂,养心安神,天王补心丸（片）,,TWBXWP,丸剂：每丸重 9g，每 8 丸 相当于原生药（饮片）3g，每袋装 6g； 片剂：每片重 0.5g,否,否,
100,MED-2026-T100,中成药,一、内科用药,（八）安神剂,养心安神,柏子养心丸（片）,,BZYXWP,丸剂：每丸重 9g，每 5 丸重 1g，每袋装 6g 、9g，每瓶装 60g； 片剂：每片重 0.3g,否,否,
101,MED-2026-T101,中成药,一、内科用药,（八）安神剂,养心安神,枣仁安神颗粒（胶囊、液）,,ZRASKLJNY,颗粒剂：每袋装 5g（相当于饮片 9.98g）； 胶囊：每粒装 0.45g； 合剂：每支装 10ml,否,否,
102,MED-2026-T102,中成药,一、内科用药,（八）安神剂,养心安神,乌灵胶囊,,WLJN,胶囊：每粒装 0.33g,否,否,
103,MED-2026-T103,中成药,一、内科用药,（八）安神剂,养心安神,甜梦胶囊（口服液）,,TMJNKFY,胶囊：每粒装 0.4g（相当于饮片 2.18g）； 合剂：每 1ml 相当于饮片0.65g,否,否,
104,MED-2026-T104,中成药,一、内科用药,（八）安神剂,养心安神,安神补心六味丸,,ASBXLWW,丸剂：每 10 粒重 2g,否,否,
105,MED-2026-T105,中成药,一、内科用药,（九）止血剂,凉血止血,槐角丸,,HJW,丸剂：每丸重 9g，每袋装6g，每瓶装 36g,否,否,
106,MED-2026-T106,中成药,一、内科用药,（九）止血剂,凉血止血,升血小板胶囊,,SXXBJN,胶囊：每粒装 0.45g,否,否,
107,MED-2026-T107,中成药,一、内科用药,（九）止血剂,凉血止血,地榆升白片（胶囊）,,DYSBPJN,片剂：每片重 0. 1g（相当于饮片 5mg）； 胶囊：每粒装 0. 1g（相当于饮片 5mg），0.2g（相当于饮片 10mg）,否,否,
108,MED-2026-T108,中成药,一、内科用药,（十）祛瘀剂,活血祛瘀,血栓通胶囊（注射液）、注射用血栓通（冻干）,,XSTJNZSYZSYXSTDG,胶囊：每粒装 0. 18g（含三七总皂苷 100mg）； 注射液：每支装2ml∶70mg （三七总皂苷），每支装； 5ml ∶175mg（三七总皂苷）注射用无菌粉末：每瓶（支）装 100mg 、150mg、 250mg,是,否,注射液、注射用无菌粉末△
109,MED-2026-T109,中成药,一、内科用药,（十）祛瘀剂,活血祛瘀,血塞通胶囊（软胶囊、滴丸、注射液）、注射用血塞通（冻干）,,XSTJNRJNDWZSYZSYXSTDG,胶囊：50mg 、100mg； 软胶囊：每粒装 0.33g（含三七总皂苷60mg）、0.33g（含三七总皂苷120mg）、0.55g （含三七总皂苷100mg）； 滴丸剂：每丸含三七总皂苷 5mg，每丸重 28mg（含三七总皂苷 10mg）、45mg （含三七总皂苷 10mg）； 注射液：每支装 2ml∶100mg，每支装 5ml∶250mg，每支 装 10ml ∶250mg； 注射用无菌粉末：每支装100mg 、200mg 、400mg,是,否,注射液、注射用无菌粉末△
110,MED-2026-T110,中成药,一、内科用药,（十）祛瘀剂,活血祛瘀,丹参注射液,,DSZSY,注射液：每支装2ml、10ml,是,否,△
111,MED-2026-T111,中成药,一、内科用药,（十）祛瘀剂,活血祛瘀,银杏叶胶囊（片、滴丸）,,YXYJNPDW,胶囊：每粒含总黄酮醇苷 9.6mg、萜类内酯 2.4mg ，每粒含总黄酮醇苷19.2mg、萜类内酯 4.8mg； 片剂：每片含总黄酮醇苷 9.6mg、萜类内酯 2.4mg ，每片含总黄酮醇苷19.2mg、萜类内酯 4.8mg； 滴丸剂：每丸重 60mg（相当于银杏叶提取物 16mg），每丸重 63mg（相当于银 杏叶提取物 16mg）（薄膜衣丸）,否,否,
112,MED-2026-T112,中成药,一、内科用药,（十）祛瘀剂,活血祛瘀,银丹心脑通软胶囊,,YDXNTRJN,软胶囊：每粒装 0.4g,否,否,
113,MED-2026-T113,中成药,一、内科用药,（十）祛瘀剂,活血化瘀,瘀血痹胶囊（颗粒、片剂）,,YXBJNKLPJ,胶囊：每粒装 0.4g； 颗粒剂：每袋装 10g； 片剂：每片重 0.5g,否,否,
114,MED-2026-T114,中成药,一、内科用药,（十）祛瘀剂,益气活血,麝香保心丸,,SXBXW,丸剂：每丸重 22.5mg,否,否,
115,MED-2026-T115,中成药,一、内科用药,（十）祛瘀剂,益气活血,脑心通丸（胶囊）,,NXTWJN,丸剂：每袋装 0.8g； 胶囊：每粒装 0.4g,否,否,
116,MED-2026-T116,中成药,一、内科用药,（十）祛瘀剂,益气活血,诺迪康胶囊（颗粒）,,NDKJNKL,胶囊：每粒装 0.28g； 颗粒剂：每袋装 5g,否,否,
117,MED-2026-T117,中成药,一、内科用药,（十）祛瘀剂,益气活血,血栓心脉宁胶囊,,XSXMNJN,胶囊：每粒装 0.5g,否,否,
118,MED-2026-T118,中成药,一、内科用药,（十）祛瘀剂,益气活血,参松养心胶囊,,CSYXJN,胶囊：每粒装 0.4g,否,否,
119,MED-2026-T119,中成药,一、内科用药,（十）祛瘀剂,益气活血,益心舒颗粒（胶囊、片）,,YXSKLJNP,颗粒剂：每袋装 4g，每袋相当于饮片 4g； 胶囊：每粒装 0.4g； 片剂：每片重 0.4g（相当于饮片 1g）、0.6g,否,否,
120,MED-2026-T120,中成药,一、内科用药,（十）祛瘀剂,益气活血,补肺活血胶囊,,BFHXJN,胶囊：每粒装 0.35g,否,否,
121,MED-2026-T121,中成药,一、内科用药,（十）祛瘀剂,益气活血,灯盏生脉胶囊,,DZSMJN,胶囊：每粒装 0.18g,否,否,
122,MED-2026-T122,中成药,一、内科用药,（十）祛瘀剂,益气活血,活心丸,,HXW,丸剂：每素丸重 20mg,否,否,注释 1
123,MED-2026-T123,中成药,一、内科用药,（十）祛瘀剂,益气活血,芪参益气滴丸,,QCYQDW,滴丸剂：每袋装 0.5g（每 40 丸重 1g），每袋装 0.52g （每 38 丸重 1g）,否,否,
124,MED-2026-T124,中成药,一、内科用药,（十）祛瘀剂,益气活血,养心氏片,,YXSP,片剂：每片重 0.3g 、0.6g,否,否,
125,MED-2026-T125,中成药,一、内科用药,（十）祛瘀剂,益气活血,救心丸,,JXW,丸剂：每 10 粒重 0.25g,否,否,
126,MED-2026-T126,中成药,一、内科用药,（十）祛瘀剂,化瘀散结,扶正化瘀片（胶囊）,,FZHYPJN,片剂：每片重 0.4g 、0.8g； 胶囊：每粒装 0.3g 、0.5g,否,否,
127,MED-2026-T127,中成药,一、内科用药,（十）祛瘀剂,化瘀散结,鳖甲煎丸,,BJJW,丸剂,否,否,
128,MED-2026-T128,中成药,一、内科用药,（十）祛瘀剂,化瘀宽胸,冠心苏合丸（胶囊、软胶囊）,,GXSHWJNRJN,丸剂：每丸重 1g； 胶囊：每粒装 0.35g； 软胶囊：每粒装 0.31g、 0.5g,否,否,
129,MED-2026-T129,中成药,一、内科用药,（十）祛瘀剂,化瘀宽胸,地奥心血康胶囊（软胶囊）,,DAXXKJNRJN,胶囊：每粒含地奥心血康100mg； 软胶囊：每粒装 0.35g（含甾体总皂苷 100mg）,否,否,
130,MED-2026-T130,中成药,一、内科用药,（十）祛瘀剂,化瘀通脉,通心络胶囊,,TXLJN,胶囊：每粒装 0.26g,否,否,
131,MED-2026-T131,中成药,一、内科用药,（十）祛瘀剂,化瘀通脉,灯盏花素片,,DZHSP,片剂：每片含灯盏花素20mg 、40mg,否,否,
132,MED-2026-T132,中成药,一、内科用药,（十）祛瘀剂,化瘀通脉,脑安颗粒（胶囊、片、滴丸）,,NAKLJNPDW,颗粒剂：每袋装 1.2g； 胶囊：每粒装 0.4g； 片剂：每片重 0.53g； 滴丸剂：每丸重 50mg,否,否,
133,MED-2026-T133,中成药,一、内科用药,（十）祛瘀剂,化瘀通脉,脉血康胶囊,,MXKJN,胶囊：每粒装 0.25g,否,否,
134,MED-2026-T134,中成药,一、内科用药,（十）祛瘀剂,破瘀散结,大黄䗪虫丸（片、胶囊）,,DHCWPJN,丸剂：每丸重 3g； 片剂：每片重 0.52g； 胶囊：每粒装 0.4g,是,否,△
135,MED-2026-T135,中成药,一、内科用药,（十）祛瘀剂,理气活血,血府逐瘀丸（片、口服液、胶囊）,,XFZYWPKFYJN,丸剂：每丸重 9g，每 10 丸重 2g，每 60 粒重 6g； 片剂：每片重 0.4g 、0.42g （相当于饮片 0.74g）、0.45g合剂：每支装 10ml； 胶囊：每粒装 0.4g,否,否,
136,MED-2026-T136,中成药,一、内科用药,（十）祛瘀剂,理气活血,复方丹参片（颗粒、胶囊、滴丸）,,FFDSPKLJNDW,片剂：每片重 0.3g 、0.32g （相当于饮片 0.6g）、0.8g（相当于饮片 1.8g）颗粒剂：每袋装 1g； 胶囊：每粒装 0.3g； 滴丸剂：薄膜衣滴丸每丸重 27mg,否,否,
137,MED-2026-T137,中成药,一、内科用药,（十）祛瘀剂,理气活血,速效救心丸,,SXJXW,滴丸剂：每丸重 40mg,否,否,
138,MED-2026-T138,中成药,一、内科用药,（十）祛瘀剂,理气活血,心可舒胶囊（片）,,XKSJNP,胶囊：每粒装 0.3g（相当于饮片 1.175g）； 片剂：每片重 0.31g、0.62g,否,否,
139,MED-2026-T139,中成药,一、内科用药,（十）祛瘀剂,滋阴活血,脉络宁注射液,,MLNZSY,注射液：每支装 10ml,是,否,△
140,MED-2026-T140,中成药,一、内科用药,（十）祛瘀剂,祛瘀解毒,平消胶囊（片）,,PXJNP,胶囊：每粒装 0.23g； 片剂：每片重 0.23g、0.24g （相当于饮片 0.405g）,否,否,
141,MED-2026-T141,中成药,一、内科用药,（十）祛瘀剂,祛瘀解毒,华蟾素片（胶囊）,,HCSPJN,片剂：每片重 0.3g； 胶囊：每粒装 0.25g（相当于饮片 3.5g）、0.3g,否,否,
142,MED-2026-T142,中成药,一、内科用药,（十）祛瘀剂,祛瘀解毒,复方斑蝥胶囊,,FFBMJN,胶囊：每粒装 0.25g,否,否,
143,MED-2026-T143,中成药,一、内科用药,（十）祛瘀剂,祛瘀解毒,通关藤（消癌平）片（胶囊、口服液）,,TGTXAPPJNKFY,片剂：每片重 0.3g 、0.32g； 胶囊：每粒装 0.2g； 合剂：每支装 10ml，每1ml 相当于饮片 1g,是,否,△
144,MED-2026-T144,中成药,一、内科用药,（十）祛瘀剂,行气散结,红金消结胶囊（片）,,HJXJJNP,胶囊：每粒装 0.4g； 片剂：每片重 0.42g、0.5g 、 0.55g（相当于饮片 3.055g）,否,否,
145,MED-2026-T145,中成药,一、内科用药,（十一）理气剂,疏肝解郁,逍遥丸（颗粒）,,XYWKL,丸剂：每丸重 9g，每 8 丸相当于原生药（原药材、饮片）3g，每袋装 6g 、9g颗粒剂：每袋装 5g（相当于饮片 10.0g）、6g 、15g,否,否,
146,MED-2026-T146,中成药,一、内科用药,（十一）理气剂,疏肝解郁,丹栀逍遥丸,,DZXYW,丸剂：每袋装 6g,否,否,
147,MED-2026-T147,中成药,一、内科用药,（十一）理气剂,疏肝解郁,舒肝解郁胶囊,,SGJYJN,胶囊：每粒装 0.36g,否,否,
148,MED-2026-T148,中成药,一、内科用药,（十一）理气剂,疏肝解郁,解郁除烦胶囊,,JYCFJN,胶囊：每粒装 0.4g（相当于饮片 1.55g）,否,否,
149,MED-2026-T149,中成药,一、内科用药,（十一）理气剂,疏肝解郁,护肝片（颗粒、胶囊）,,HGPKLJN,片剂：每片重 0.35g（相当于饮片 1.255g）、0.36g（相当于饮片 1.255g）、0.38g颗粒剂：每袋装 2g； 胶囊：每粒装 0.35g,否,否,
150,MED-2026-T150,中成药,一、内科用药,（十一）理气剂,疏肝和胃,气滞胃痛颗粒（片）,,QZWTKLP,颗粒剂：每袋装 2.5g 、5g； 片剂：每片重 0.5g,否,否,
151,MED-2026-T151,中成药,一、内科用药,（十一）理气剂,疏肝和胃,胃苏颗粒,,WSKL,颗粒剂：每袋相当于饮片16g,否,否,
152,MED-2026-T152,中成药,一、内科用药,（十一）理气剂,疏肝和胃,元胡止痛片（颗粒、胶囊、滴丸）,,YHZTPKLJNDW,片剂：每片重 0.25g（相当于饮片 0.67g）、0.26g； 颗粒剂：每袋装 5g； 胶囊：每粒装 0.25g、0.45g； 滴丸剂：每 10 丸重 0.5g,否,否,
153,MED-2026-T153,中成药,一、内科用药,（十一）理气剂,疏肝和胃,三九胃泰颗粒（胶囊）,,SJWTKLJN,颗粒剂：每袋装2.5g、10g、 20g； 胶囊：每粒装 0.5g,否,否,
154,MED-2026-T154,中成药,一、内科用药,（十一）理气剂,疏肝和胃,加味左金丸,,JWZJW,丸剂：每 100 丸重 6g,否,否,
155,MED-2026-T155,中成药,一、内科用药,（十一）理气剂,疏肝和胃,荜铃胃痛颗粒,,BLWTKL,颗粒剂：每袋相当于饮片20g,否,否,
156,MED-2026-T156,中成药,一、内科用药,（十一）理气剂,疏肝和胃,荆花胃康胶丸,,JHWKJW,胶囊：每粒装 80mg,否,否,
157,MED-2026-T157,中成药,一、内科用药,（十一）理气剂,疏肝和胃,颠茄片,,DJP,片剂：每片含颠茄浸膏10mg,否,否,
158,MED-2026-T158,中成药,一、内科用药,（十一）理气剂,疏肝健脾,五灵胶囊,,WLJN,胶囊：每粒装 0.35g,否,否,
159,MED-2026-T159,中成药,一、内科用药,（十一）理气剂,理气止痛,枳术宽中胶囊,,ZSKZJN,胶囊：每粒装 0.43g,否,否,
160,MED-2026-T160,中成药,一、内科用药,（十一）理气剂,理气止痛,宽胸气雾剂,,KXQWJ,气雾剂：每瓶含内容物5.8g，其中药液 2.7ml（含挥发油 0.6ml），每瓶 60揿，每揿重 69mg；每瓶 内容物重 13.8g，内含药 液 4.8g（含挥发油 1.5ml ），每瓶 185 揿，每揿 63mg,否,否,
161,MED-2026-T161,中成药,一、内科用药,（十二）消导剂,消食导滞,保和丸（颗粒、片）,,BHWKLP,丸剂：每丸重 9g，每 8 丸相当于原生药 3g，每袋装6g 、9g； 颗粒剂：每袋装 4.5g； 片剂：每片重 0.4g,否,否,
162,MED-2026-T162,中成药,一、内科用药,（十二）消导剂,消食导滞,六味安消散（胶囊）,,LWAXSJN,散剂：每袋装 18g，每 1g相当于饮片 1g； 胶囊：每粒装 0.5g,否,否,
163,MED-2026-T163,中成药,一、内科用药,（十二）消导剂,消食导滞,四磨汤口服液,,SMTKFY,合剂：每 1ml 相当于饮片0.15g,否,否,
164,MED-2026-T164,中成药,一、内科用药,（十三）治风剂,疏散外风,川芎茶调丸（散、颗粒、片）,,CQCDWSKLP,丸剂：每 8 丸相当于原药材 3g，每袋装 6g； 散剂：每袋装 3g 、6g； 颗粒剂：每袋装 4g（相当于饮片 7.35g）、7.8g； 片剂：每片重 0.48g,否,否,
165,MED-2026-T165,中成药,一、内科用药,（十三）治风剂,疏散外风,通天口服液,,TTKFY,合剂：每 1ml 相当于饮片0.53g,否,否,
166,MED-2026-T166,中成药,一、内科用药,（十三）治风剂,疏散外风,都梁滴丸（软胶囊）,,DLDWRJN,滴丸剂：每丸重 30mg； 软胶囊：每粒装 0.54g,否,否,
167,MED-2026-T167,中成药,一、内科用药,（十三）治风剂,平肝息风,松龄血脉康胶囊,,SLXMKJN,胶囊：每粒装 0.5g,否,否,
168,MED-2026-T168,中成药,一、内科用药,（十三）治风剂,平肝息风,丹珍头痛胶囊,,DZTTJN,胶囊：每粒装 0.5g,否,否,
169,MED-2026-T169,中成药,一、内科用药,（十三）治风剂,平肝息风,强力定眩片（胶囊）,,QLDXPJN,片剂：每片重 0.35g（相当于饮片 2.39g）； 胶囊：每粒装 0.4g,否,否,
170,MED-2026-T170,中成药,一、内科用药,（十三）治风剂,祛风化瘀,正天丸（胶囊）,,ZTWJN,丸剂：每袋装 6g； 胶囊：每粒装 0.45g,否,否,
171,MED-2026-T171,中成药,一、内科用药,（十三）治风剂,养血祛风,养血清脑丸（颗粒）,,YXQNWKL,丸剂：每袋装 2.5g； 颗粒剂：每袋装 4g,否,否,
172,MED-2026-T172,中成药,一、内科用药,（十三）治风剂,养血祛风,消银颗粒（片）,,XYKLP,颗粒剂：3.5g/ 袋； 片剂：每片重 0.3g 、0.32g,否,否,
173,MED-2026-T173,中成药,一、内科用药,（十三）治风剂,养血祛风,润燥止痒胶囊,,RZZYJN,胶囊：每粒装 0.5g,是,否,△
174,MED-2026-T174,中成药,一、内科用药,（十三）治风剂,祛风通络,华佗再造丸,,HTZZW,丸剂,否,否,
175,MED-2026-T175,中成药,一、内科用药,（十三）治风剂,祛风通络,小活络丸,,XHLW,丸剂：每丸重 3g，每 6 丸相当于原生药（原药材） 2.3g,否,否,
176,MED-2026-T176,中成药,一、内科用药,（十三）治风剂,祛风通络,复方风湿宁胶囊（片）,,FFFSNJNP,胶囊：每粒装 0.3g； 片剂：每片重 0.2g、0.21g、 0.48g,否,否,
177,MED-2026-T177,中成药,一、内科用药,（十四）祛湿剂,散寒除湿,风湿骨痛胶囊（片）,,FSGTJNP,胶囊：每粒装 0.3g； 片剂：每片重 0.36g、0.37g,否,否,
178,MED-2026-T178,中成药,一、内科用药,（十四）祛湿剂,散寒除湿,追风透骨丸,,ZFTGW,丸剂：每 10 丸重 1g,否,否,
179,MED-2026-T179,中成药,一、内科用药,（十四）祛湿剂,散寒除湿,正清风痛宁缓释片（片、肠溶片）,,ZQFTNHSPPCRP,缓释片：每片含盐酸青藤碱 60mg； 片剂：每片含盐酸青藤碱20mg； 肠溶片：每片含盐酸青藤碱 20mg,否,否,
180,MED-2026-T180,中成药,一、内科用药,（十四）祛湿剂,散寒除湿,雷公藤多苷片,,LGTDGP,片剂： 10mg,是,否,△
181,MED-2026-T181,中成药,一、内科用药,（十四）祛湿剂,消肿利水,五苓散（胶囊、片）,,WLSJNP,散剂：每袋装 6g 、9g； 胶囊：每粒装 0.45g； 片剂：每片重 0.35g,否,否,
182,MED-2026-T182,中成药,一、内科用药,（十四）祛湿剂,消肿利水,肾炎康复片,,SYKFP,片剂：每片重 0.3g 、0.48g,否,否,
183,MED-2026-T183,中成药,一、内科用药,（十四）祛湿剂,消肿利水,尿毒清颗粒,,NDQKL,颗粒剂：每袋装 5g,是,否,△
184,MED-2026-T184,中成药,一、内科用药,（十四）祛湿剂,消肿利水,黄葵胶囊,,HKJN,胶囊：每粒装 0.43g（相当于饮片 2g）,否,否,
185,MED-2026-T185,中成药,一、内科用药,（十四）祛湿剂,清热通淋,癃清片（胶囊）,,LQPJN,片剂：每片重 0.6g； 胶囊：每粒装 0.4g 、0.5g,否,否,
186,MED-2026-T186,中成药,一、内科用药,（十四）祛湿剂,清热通淋,三金片,,SJP,片剂：每片重 0.17g（相当于饮片2.1g）、0.18g（相当于饮片2.1g）、0.28g（相当于饮片 3.5g）、0.32g（相当于饮片 3.5g）,否,否,
187,MED-2026-T187,中成药,一、内科用药,（十四）祛湿剂,清热通淋,银花泌炎灵片,,YHMYLP,片剂：每片重 0.25g 、0.5g,否,否,
188,MED-2026-T188,中成药,一、内科用药,（十四）祛湿剂,化瘀通淋,癃闭舒胶囊（片）,,LBSJNP,胶囊：每粒装 0.3g 、0.45g； 片剂：每片重 0.3g 、0.31g,否,否,
189,MED-2026-T189,中成药,一、内科用药,（十四）祛湿剂,化瘀通淋,海昆肾喜胶囊,,HKSXJN,胶囊：每粒装 0.22g（含褐藻多糖硫酸酯 100mg）,否,否,
190,MED-2026-T190,中成药,一、内科用药,（十四）祛湿剂,化瘀通淋,尿通卡克乃其片,,NTKKNQP,片剂：每片重 0.5g,否,否,
191,MED-2026-T191,中成药,一、内科用药,（十四）祛湿剂,扶正祛湿,尪痹颗粒（胶囊、片）,,WBKLJNP,颗粒剂：每袋装 3g 、6g； 胶囊：每粒 0.55g； 片剂：每片重 0.25g 、0.5g,否,否,
192,MED-2026-T192,中成药,一、内科用药,（十四）祛湿剂,扶正祛湿,风湿液,,FSY,酒剂：每瓶装10ml、100ml、 250ml,否,否,
193,MED-2026-T193,中成药,一、内科用药,（十四）祛湿剂,益肾通淋,普乐安胶囊（片）,,PLAJNP,胶囊：每粒装 0.375g； 片剂：每片重 0.57g（含油菜花粉 0.5g）、0.64g（含油菜花粉 0.5g）,否,否,
194,MED-2026-T194,中成药,一、内科用药,（十四）祛湿剂,辟秽止泻,克痢痧胶囊,,KLSJN,胶囊：每粒装 0.28g,否,否,
195,MED-2026-T195,中成药,一、内科用药,（十五）调脂剂,化浊降脂,血脂康胶囊,,XZKJN,胶囊：每粒装 0.3g,否,否,
196,MED-2026-T196,中成药,一、内科用药,（十五）调脂剂,化浊降脂,荷丹片（胶囊）,,HDPJN,片剂：每片重 0.73g（相当于饮片 14.125g）； 胶囊：每粒装 0.33g（相当于饮片 7.06g）,否,否,
197,MED-2026-T197,中成药,一、内科用药,（十六）固涩剂,补肾缩尿,缩泉丸（胶囊）,,SQWJN,丸剂：每 20 粒重 1g； 胶囊：每粒装 0.3g,否,否,
198,MED-2026-T198,中成药,二、外科用药,（一）清热剂,清热利湿,消炎利胆片（颗粒、胶囊）,,XYLDPKLJN,片剂：每片重 0.24g、0.25g （相当于饮片 2.6g）、0.26g（相当于饮片 2.6g）颗粒剂：每袋装 2.5g； 胶囊：每粒装 0.45g,否,否,
199,MED-2026-T199,中成药,二、外科用药,（一）清热剂,清热利湿,金钱胆通颗粒,,JQDTKL,颗粒剂：每 1g 相当于饮片3.56g,否,否,
200,MED-2026-T200,中成药,二、外科用药,（一）清热剂,清热利湿,银屑胶囊（颗粒）,,YXJNKL,胶囊：每粒装 0.45g（相当于饮片 6.75g）； 颗粒剂：每袋装 6g（相当于饮片27g）、15g（相当于原药材 27g）,否,否,
201,MED-2026-T201,中成药,二、外科用药,（一）清热剂,清热除湿,除湿止痒软膏,,CSZYRG,软膏剂：每支装 10g 、20g,否,否,
202,MED-2026-T202,中成药,二、外科用药,（一）清热剂,清热燥湿,金蝉止痒胶囊,,JCZYJN,胶囊：每粒装 0.5g,否,否,
203,MED-2026-T203,中成药,二、外科用药,（一）清热剂,清热解毒,季德胜蛇药片,,JDSSYP,片剂：每片重 0.4g,否,否,
204,MED-2026-T204,中成药,二、外科用药,（一）清热剂,清热解毒,肛泰栓（软膏）,,GTSRG,栓剂：每粒相当于饮片0.086g，含盐酸小檗碱 36mg、盐酸罂粟碱 7mg软膏剂：每 1g 相当于饮片 86mg，含盐酸小檗碱36mg、盐酸罂粟碱 7mg,否,否,
205,MED-2026-T205,中成药,二、外科用药,（一）清热剂,清热解毒,"复方黄柏液涂剂（复
方黄柏液）",,FFHBYTJFFHBY,涂剂：每 1ml 相当于饮片0.2g,否,否,
206,MED-2026-T206,中成药,二、外科用药,（一）清热剂,清热解毒,连翘败毒丸（膏、片）,,LQBDWGP,丸剂：每袋装 9g，每 100粒重 6g； 煎膏剂：每袋装 15g，每瓶装 60g 、120g； 片剂：每片重 0.6g,否,否,
207,MED-2026-T207,中成药,二、外科用药,（一）清热剂,清热解毒,如意金黄散,,RYJHS,散剂：每袋（瓶）装 6g、 9g 、12g,否,否,外用
208,MED-2026-T208,中成药,二、外科用药,（一）清热剂,清热解毒,地榆槐角丸,,DYHJW,丸剂：每丸重 9g，每 100丸重 10g,否,否,
209,MED-2026-T209,中成药,二、外科用药,（一）清热剂,清热解毒,湿润烧伤膏,,SRSSG,软膏剂：每 1g 相当于饮片0.21g,否,否,
210,MED-2026-T210,中成药,二、外科用药,（一）清热剂,清热解毒,康复新液,,KFXY,合剂：每瓶装 10ml、50ml、 100ml，每1ml含美洲大蠊干燥虫体的乙醇提取物（含总氨基酸以丙氨酸计） 1mg； 溶液剂：每瓶装 10ml、 50ml 、100ml,否,否,
211,MED-2026-T211,中成药,二、外科用药,（一）清热剂,清热解毒,肤痔清软膏,,FZQRG,软膏剂：每 1g 相当于饮片0.436g，含薄荷脑 3mg,否,否,
212,MED-2026-T212,中成药,二、外科用药,（一）清热剂,通淋消石,排石颗粒,,PSKL,颗粒剂：每袋装 5g 、20g,否,否,
213,MED-2026-T213,中成药,二、外科用药,（一）清热剂,清热利尿,双石通淋胶囊,,SSTLJN,胶囊：每粒装 0.5g,否,否,
214,MED-2026-T214,中成药,二、外科用药,（一）清热剂,清热消肿,马应龙麝香痔疮膏,,MYLSXZCG,软膏剂,否,否,
215,MED-2026-T215,中成药,二、外科用药,（一）清热剂,软坚散结,内消瘰疬丸,,NXLLW,丸剂：每 10 丸重 1.85g， 每 100 粒重 6g，每瓶装 9g,否,否,
216,MED-2026-T216,中成药,二、外科用药,（二）温经理气活血剂,散结消肿,小金丸（胶囊、片）,,XJWJNP,丸剂：每 10 丸重 6g，每100 丸重 3g 、6g； 胶囊：每粒装 0.3g 、0.35g； 片剂：每片重 0.36g,否,否,
217,MED-2026-T217,中成药,二、外科用药,（二）温经理气活血剂,散结消肿,西黄丸（胶囊）,,XHWJN,丸剂：每 20 丸重 1g； 胶囊：每粒装 0.25g,否,否,
*（144）,MED-2026-T144,中成药,二、外科用药,（二）温经理气活血剂,疏肝散结,红金消结胶囊（片）,,HJXJJNP,胶囊：每粒装 0.4g； 片剂：每片重 0.55g（相当于饮片 3.055g）、0.5g、 0.42g,否,是,
218,MED-2026-T218,中成药,二、外科用药,（三）活血化瘀剂,化瘀通脉,脉管复康片（胶囊）,,MGFKPJN,片剂：每片重 0.3g 、0.6g； 胶囊：每粒装 0.45g,否,否,
219,MED-2026-T219,中成药,二、外科用药,（三）活血化瘀剂,化瘀通脉,木丹颗粒,,MDKL,颗粒剂：每袋装 7g,否,否,
220,MED-2026-T220,中成药,二、外科用药,（三）活血化瘀剂,消肿活血,京万红软膏,,JWHRG,软膏剂：每 1g 相当于饮片 0. 161g，每支装 10g 、20g、 50g,否,否,
221,MED-2026-T221,中成药,二、外科用药,（三）活血化瘀剂,益肾活血,灵泽片,,LZP,片剂：每片重 0.58g,否,否,
222,MED-2026-T222,中成药,二、外科用药,（三）活血化瘀剂,活血化瘀,白灵片（胶囊）,,BLPJN,片剂：每片重 0.34g（相当于饮片 1.64g）； 胶囊：每粒装 0.33g,否,否,
223,MED-2026-T223,中成药,三、妇科用药,（一）理血剂,活血化瘀,益母草膏（颗粒、胶囊、片）,,YMCGKLJNP,煎膏剂：每瓶装 125g、 250g； 颗粒剂：每袋装 15g； 胶囊：每粒装 0.36g； 片剂：每片重0.25g、0.28g、 0.6g,否,否,
224,MED-2026-T224,中成药,三、妇科用药,（一）理血剂,活血化瘀,少腹逐瘀丸（颗粒、胶囊）,,SFZYWKLJN,丸剂：每丸重 9g； 颗粒剂：每袋装 1.6g 、5g； 胶囊：每粒装 0.45g,否,否,
225,MED-2026-T225,中成药,三、妇科用药,（一）理血剂,化瘀止血,茜芷胶囊,,QZJN,胶囊：每粒装 0.4g,否,否,
226,MED-2026-T226,中成药,三、妇科用药,（一）理血剂,化瘀止血,坤宁颗粒（口服液）,,KNKLKFY,颗粒剂：每袋装 8g（相当于饮片 25g）、15g； 合剂：每 1ml 相当于饮片1.25g,否,否,
227,MED-2026-T227,中成药,三、妇科用药,（一）理血剂,化瘀止血,安宫止血颗粒,,AGZXKL,颗粒剂：每袋装 5g,否,否,
228,MED-2026-T228,中成药,三、妇科用药,（一）理血剂,收敛止血,葆宫止血颗粒,,BGZXKL,颗粒剂：每袋装 15g（每1g 相当于饮片 3.433g）,否,否,
229,MED-2026-T229,中成药,三、妇科用药,（一）理血剂,养血舒肝,妇科十味片,,FKSWP,片剂：每片重 0.3g（相当于饮片 0.32g，含碳酸钙21.67mg）,否,否,
230,MED-2026-T230,中成药,三、妇科用药,（二）清热剂,清热除湿,妇科千金片（胶囊）,,FKQJPJN,片剂； 胶囊：每粒装 0.4g,否,否,
231,MED-2026-T231,中成药,三、妇科用药,（二）清热剂,清热除湿,花红片（颗粒、胶囊）,,HHPKLJN,片剂：每片重 0.28g、0.29g； 颗粒剂：每袋装 2.5g 、10g； 胶囊：每粒装 0.25g（相当于饮片 9.334g）,否,否,
232,MED-2026-T232,中成药,三、妇科用药,（二）清热剂,清热除湿,宫炎平片（胶囊）,,GYPPJN,片剂：每片重 0.25g、0.26g； 胶囊：每粒装 0.2g 、0.25g （相当于饮片 1g）、0.35g,否,否,
233,MED-2026-T233,中成药,三、妇科用药,（二）清热剂,清热解毒,妇炎消胶囊,,FYXJN,胶囊：每粒装 0.45g,否,否,
234,MED-2026-T234,中成药,三、妇科用药,（二）清热剂,清热解毒,金刚藤糖浆,,JGTTJ,糖浆剂：每瓶装 150ml,否,否,
235,MED-2026-T235,中成药,三、妇科用药,（二）清热剂,清热解毒,康妇消炎栓,,KFXYS,栓剂：每粒重 2.0g,否,否,
236,MED-2026-T236,中成药,三、妇科用药,（二）清热剂,清热解毒,康妇炎胶囊,,KFYJN,胶囊：每粒装 0.4g（相当于饮片 3.144g）,否,否,
237,MED-2026-T237,中成药,三、妇科用药,（二）清热剂,行气破瘀,保妇康栓,,BFKS,栓剂：每粒重 1.74g（含莪术油 82mg，冰片 75mg）,否,否,
238,MED-2026-T238,中成药,三、妇科用药,（三）扶正剂,养血理气,艾附暖宫丸,,AFNGW,丸剂：每丸重 9g，每 45丸重 9g，每 100 丸重 4g、 10g，每袋装 9g，每瓶装45g,否,否,
239,MED-2026-T239,中成药,三、妇科用药,（三）扶正剂,益气养血,乌鸡白凤丸（胶囊、片）,,WJBFWJNP,丸剂：每丸重 9g，每 10 丸重 1g，每袋装 6g 、9g； 胶囊：每粒装 0.3g； 片剂：每片重 0.5g,否,否,
240,MED-2026-T240,中成药,三、妇科用药,（三）扶正剂,益气养血,八珍益母丸（胶囊）,,BZYMWJN,丸剂：每丸重 9g，每袋装6g 、9g； 胶囊：每粒装 0.35g（相当于饮片 0.921g）,否,否,
241,MED-2026-T241,中成药,三、妇科用药,（三）扶正剂,益气养血,补血益母丸（颗粒）,,BXYMWKL,丸剂：每袋装 12g（每 200丸重 12g）； 颗粒剂：每 1g 相当于饮片1.5959g,否,否,
242,MED-2026-T242,中成药,三、妇科用药,（三）扶正剂,益气活血,定坤丹,,DKD,丸剂：每丸重 10.8g（相当于饮片4.78g，含复方滇鸡血藤膏 0.25g），每瓶装 7g （相当于饮片 5.4g）,否,否,
243,MED-2026-T243,中成药,三、妇科用药,（三）扶正剂,滋阴安神,更年安片（胶囊）,,GNAPJN,片剂：每片重 0.3g 、0.31g； 胶囊：每粒装 0.3g,是,否,△
244,MED-2026-T244,中成药,三、妇科用药,（三）扶正剂,滋阴安神,坤泰胶囊,,KTJN,胶囊：每粒装 0.5g,否,否,
245,MED-2026-T245,中成药,三、妇科用药,（三）扶正剂,补肾健脾,滋肾育胎丸,,ZSYTW,丸剂,是,否,△
246,MED-2026-T246,中成药,三、妇科用药,（四）散结剂,消肿散结,乳癖消颗粒（胶囊、片）,,RPXKLJNP,颗粒剂：每袋装 8g（相当于原药材 6g）； 胶囊：每粒装 0.32g； 片剂：每片重 0.32g、0.34g、 0.67g,否,否,
247,MED-2026-T247,中成药,三、妇科用药,（四）散结剂,活血化瘀,桂枝茯苓丸（胶囊）,,GZFLWJN,丸剂：每丸重 6g，素丸每10 丸重 1.5g 、2.2g，每 100丸重 10g； 胶囊：每粒装 0.31g,否,否,
248,MED-2026-T248,中成药,三、妇科用药,（四）散结剂,活血化瘀,乳块消颗粒（胶囊、片）,,RKXKLJNP,颗粒剂：每袋装 5g 、10g； 胶囊：每粒装 0.3g； 片剂：每片重 0.32g、0.36g （相当于饮片 3.85g）,否,否,
249,MED-2026-T249,中成药,三、妇科用药,（四）散结剂,活血化瘀,宫瘤清胶囊（颗粒）,,GLQJNKL,胶囊：每粒装 0.37g； 颗粒剂：每袋装 4g,否,否,
250,MED-2026-T250,中成药,三、妇科用药,（四）散结剂,活血化瘀,散结镇痛胶囊,,SJZTJN,胶囊：每粒装 0.4g,否,否,
251,MED-2026-T251,中成药,四、眼科用药,（一）清热剂,清热散风,明目上清丸（片）,,MMSQWP,丸剂：每袋（瓶）装 9g； 片剂：每片重 0.6g 、0.63g,否,否,
252,MED-2026-T252,中成药,四、眼科用药,（一）清热剂,清热散风,马应龙八宝眼膏,,MYLBBYG,眼膏剂：每 1g 相当于饮片0.05g,否,否,
253,MED-2026-T253,中成药,四、眼科用药,（一）清热剂,泻火明目,黄连羊肝丸,,HLYGW,丸剂：每丸重 9g，每 20 丸重 1g，每 100 丸重 20g,否,否,
254,MED-2026-T254,中成药,四、眼科用药,（一）清热剂,泻火明目,珍珠明目滴眼液,,ZZMMDYY,滴眼剂：每 1ml 相当于饮片 1mg，含珍珠液 0.02ml；每瓶（支）装 8ml 、10ml、 12ml 、15ml,否,否,
255,MED-2026-T255,中成药,四、眼科用药,（二）扶正剂,滋阴养肝,明目地黄丸,,MMDHW,丸剂：每丸重 9g，每 8 丸相当于原生药 3g，每袋装6g 、9g,否,否,
256,MED-2026-T256,中成药,四、眼科用药,（二）扶正剂,滋阴养肝,障眼明片（胶囊）,,ZYMPJN,片剂：每片重 0.21g、0.42g； 胶囊：每粒装 0.25g 、0.4g,否,否,
257,MED-2026-T257,中成药,四、眼科用药,（二）扶正剂,补肝明目,石斛夜光丸,,SHYGW,丸剂：每丸重 5.5g 、9g，每 100 粒重 10g，每袋装6g 、7.3g,否,否,
258,MED-2026-T258,中成药,四、眼科用药,（二）扶正剂,和血明目,和血明目片,,HXMMP,片剂：每片重 0.3g 、0.31g,否,否,
259,MED-2026-T259,中成药,四、眼科用药,（二）扶正剂,和血明目,止血祛瘀明目片,,ZXQYMMP,片剂：每片重 0.3g,否,否,
260,MED-2026-T260,中成药,四、眼科用药,（二）扶正剂,益气养阴,复方血栓通胶囊（片）,,FFXSTJNP,胶囊：每粒装 0.5g； 片剂：每片重 0.35g 、0.4g,否,否,
261,MED-2026-T261,中成药,五、耳鼻喉科用药,,滋肾平肝,耳聋左慈丸,,ELZCW,丸剂：每丸重 9g，每 8 丸相当于原生药 3g，每 10 丸重 1g,否,否,
262,MED-2026-T262,中成药,五、耳鼻喉科用药,,滋肾平肝,通窍耳聋丸,,TQELW,丸剂：每 100 粒重 6g（相当于饮片 4.8g）,否,否,
263,MED-2026-T263,中成药,五、耳鼻喉科用药,,宣肺通窍,鼻炎康片,,BYKP,片剂：每片重 0.37g（含马来酸氯苯那敏 1mg）,否,否,
264,MED-2026-T264,中成药,五、耳鼻喉科用药,,宣肺通窍,鼻渊通窍颗粒,,BYTQKL,颗粒剂：每袋相当于饮片8.4g,否,否,
265,MED-2026-T265,中成药,五、耳鼻喉科用药,,清热通窍,藿胆丸（片、滴丸）,,HDWPDW,丸剂：每 10 丸重 0.17g（每1g 相当于饮片 1g），每 195粒约重 3g，每瓶装 36g片剂； 滴丸剂：每丸重 50mg（每1g 含猪胆酸 100mg、广藿香油 100mg）,否,否,
266,MED-2026-T266,中成药,五、耳鼻喉科用药,,疏风清热,辛夷鼻炎丸,,XYBYW,丸剂：每 10 丸重 0.75g,否,否,
267,MED-2026-T267,中成药,五、耳鼻喉科用药,,疏风清热,香菊胶囊（片）,,XJJNP,胶囊：每粒装 0.3g（相当于饮片 3.186g）； 片剂：每片重 0.3g 、0.32g,否,否,
268,MED-2026-T268,中成药,五、耳鼻喉科用药,,疏风清热,鼻窦炎口服液,,BDYKFY,合剂：每 1ml 相当于饮片1.97g,否,否,
269,MED-2026-T269,中成药,五、耳鼻喉科用药,,扶正解表,辛芩颗粒,,XQKL,颗粒剂：每袋装 5g 、20g,否,否,
270,MED-2026-T270,中成药,五、耳鼻喉科用药,（三）咽喉、口腔病,化痰利咽,黄氏响声丸,,HSXSW,丸剂：炭衣丸每丸重 0.1g、 0.133g，糖衣丸每瓶装400 丸,否,否,
271,MED-2026-T271,中成药,五、耳鼻喉科用药,（三）咽喉、口腔病,化痰利咽,清咽滴丸,,QYDW,滴丸剂：每丸重 20mg,否,否,
272,MED-2026-T272,中成药,五、耳鼻喉科用药,（三）咽喉、口腔病,利咽散结,金嗓散结胶囊（颗粒、丸）,,JSSJJNKLW,胶囊：每粒装 0.4g； 颗粒剂：每 1g 相当于饮片1.67g； 丸剂：每 10 丸重 1g,否,否,
273,MED-2026-T273,中成药,五、耳鼻喉科用药,（三）咽喉、口腔病,滋阴清热,口炎清颗粒,,KYQKL,颗粒剂：每袋装 3g 、10g,否,否,
274,MED-2026-T274,中成药,五、耳鼻喉科用药,（三）咽喉、口腔病,滋阴清热,玄麦甘桔颗粒（胶囊）,,XMGJKLJN,颗粒剂：每袋装 10g； 胶囊：每粒装 0.35g,否,否,
275,MED-2026-T275,中成药,五、耳鼻喉科用药,（三）咽喉、口腔病,清热凉血,口腔溃疡散,,KQKYS,散剂：每瓶装 3g,否,否,
276,MED-2026-T276,中成药,五、耳鼻喉科用药,（三）咽喉、口腔病,清血止痛,西帕依固龈液,,XPYGKY,合剂：每 1ml 相当于饮片0.02g,否,否,
277,MED-2026-T277,中成药,五、耳鼻喉科用药,（三）咽喉、口腔病,清热解毒,冰硼散,,BPS,散剂：每瓶（支）装0.6g、 1.5g 、2g 、3g,否,否,
278,MED-2026-T278,中成药,五、耳鼻喉科用药,（三）咽喉、口腔病,清热解毒,六神丸（胶囊、凝胶）,,LSWJNNJ,丸剂：每 1000 粒重 3.125g； 胶囊：每粒装 0.19g； 凝胶剂：每支装 10g,否,否,
279,MED-2026-T279,中成药,五、耳鼻喉科用药,（三）咽喉、口腔病,清热宣肺,百蕊颗粒,,BRKL,颗粒剂：每 1g 相当于饮片2.4g,否,否,
280,MED-2026-T280,中成药,五、耳鼻喉科用药,（三）咽喉、口腔病,清热宣肺,甘桔冰梅片,,GJBMP,片剂：每片重 0.2g,否,否,
281,MED-2026-T281,中成药,六、骨伤科用药,,接骨续筋,接骨七厘散（丸、片）,,JGQLSWP,散剂：每袋装 1.5g； 丸剂：每袋装 1.5g 、2g； 片剂：每片相当于原生药量 0.3g,否,否,
282,MED-2026-T282,中成药,六、骨伤科用药,,接骨续筋,伤科接骨片,,SKJGP,片剂：每片重 0.33g,否,否,
283,MED-2026-T283,中成药,六、骨伤科用药,,活血化瘀,云南白药（胶囊、膏、酊、气雾剂）,,YNBYJNGDQWJ,散剂、胶囊、贴膏剂、酊剂、气雾剂,否,否,
284,MED-2026-T284,中成药,六、骨伤科用药,,活血化瘀,活血止痛散（胶囊、软胶囊）,,HXZTSJNRJN,散剂：每袋（瓶）装 1.5g； 胶囊：每粒装 0.25g 、0.5g； 软胶囊：每粒装 0.65g（相当于饮片 0.5g）,否,否,
285,MED-2026-T285,中成药,六、骨伤科用药,,活血化瘀,七厘散（胶囊）,,QLSJN,散剂：每瓶装 1.5g 、3g； 胶囊：每粒装 0.5g,否,否,
286,MED-2026-T286,中成药,六、骨伤科用药,,活血化瘀,消痛贴膏,,XTTG,贴膏剂：每贴装 1.0g、1.2g,否,否,
287,MED-2026-T287,中成药,六、骨伤科用药,,活血化瘀,独一味胶囊（片）,,DYWJNP,胶囊：每粒装 0.3g（相当于饮片 1.0g）； 片剂：每片重 0.26g、0.28g,否,否,
288,MED-2026-T288,中成药,六、骨伤科用药,,活血化瘀,盘龙七片,,PLQP,片剂：每片重 0.3g,否,否,
289,MED-2026-T289,中成药,六、骨伤科用药,,活血化瘀,复方伤痛胶囊,,FFSTJN,胶囊：每粒装 0.3g,否,否,
290,MED-2026-T290,中成药,六、骨伤科用药,,活血通络,颈舒颗粒,,JSKL,颗粒剂：每袋装 6g,否,否,
291,MED-2026-T291,中成药,六、骨伤科用药,,活血通络,颈复康颗粒,,JFKKL,颗粒剂：每袋装 5g,否,否,
292,MED-2026-T292,中成药,六、骨伤科用药,,活血通络,腰痹通胶囊,,YBTJN,胶囊：每粒装 0.42g,否,否,
293,MED-2026-T293,中成药,六、骨伤科用药,,活血通络,滑膜炎颗粒（片）,,HMYKLP,颗粒剂：每 1g 相当于饮片3g； 片剂：每片重 0.5g 、0.6g,否,否,
294,MED-2026-T294,中成药,六、骨伤科用药,,祛风活络,舒筋活血丸（片）,,SJHXWP,丸剂：每丸重 6g； 片剂：每片重 0.3g,否,否,
295,MED-2026-T295,中成药,六、骨伤科用药,,祛风活络,狗皮膏,,GPG,膏药：每张净重12g、15g、 24g 、30g,否,否,
296,MED-2026-T296,中成药,六、骨伤科用药,,祛风活络,骨痛灵酊,,GTLD,酊剂：每袋装 10ml，每瓶装 30ml 、60ml 、100ml、 250ml,否,否,
297,MED-2026-T297,中成药,六、骨伤科用药,,祛风活络,通络祛痛膏,,TLQTG,贴膏剂：7cm × 10cm,否,否,
298,MED-2026-T298,中成药,六、骨伤科用药,,祛风活络,复方南星止痛膏,,FFNXZTG,贴膏剂： 10cm × 13cm,否,否,
299,MED-2026-T299,中成药,六、骨伤科用药,,祛风活络,麝香追风止痛膏,,SXZFZTG,贴膏剂：7cm × 10cm,否,否,
300,MED-2026-T300,中成药,六、骨伤科用药,,补肾壮骨,仙灵骨葆胶囊（片）,,XLGBJNP,胶囊：每粒装 0.5g； 片剂：每片重 0.3g,否,否,
301,MED-2026-T301,中成药,六、骨伤科用药,,补肾壮骨,恒古骨伤愈合剂,,HGGSYHJ,合剂：12.5ml/瓶，25ml/ 瓶,否,否,
302,MED-2026-T302,中成药,七、儿科用药,（一）解表剂,辛温解表,小儿柴桂退热颗粒（口服液）,,XECGTRKLKFY,颗粒剂：每袋装 2.5g（每 1g 相当于饮片1.0g）、4g （每 1g 相当于饮片1.25g）、 5g（每 1g 相当于饮片 1.0g）合剂：每 1ml 相当于饮片 0.5g,否,否,
303,MED-2026-T303,中成药,七、儿科用药,（一）解表剂,辛凉解表,小儿青翘颗粒,,XEQQKL,颗粒剂：每袋装 5g 、7.5g,否,否,
304,MED-2026-T304,中成药,七、儿科用药,（一）解表剂,辛凉解表,小儿宝泰康颗粒,,XEBTKKL,颗粒剂：每袋装 2.6g 、4g、 8g,否,否,
305,MED-2026-T305,中成药,七、儿科用药,（一）解表剂,辛凉解表,小儿热速清口服液（颗粒）,,XERSQKFYKL,合剂：每支装 10ml（每 1ml 相当于饮片 1.1625g）颗粒剂：每袋装 2g 、6g,否,否,
306,MED-2026-T306,中成药,七、儿科用药,（一）解表剂,辛凉解表,小儿豉翘清热颗粒,,XESQQRKL,颗粒剂：每袋装 2g 、4g,否,否,
307,MED-2026-T307,中成药,七、儿科用药,（二）清热剂,清脏腑热,小儿泻速停颗粒,,XEXSTKL,颗粒剂：每袋装 3g 、5g、 10g,否,否,
308,MED-2026-T308,中成药,七、儿科用药,（三）止咳剂,清热化痰,小儿肺热咳喘颗粒（口服液）,,XEFRKCKLKFY,颗粒剂：每袋装 3g 、4g （相当于饮片 10.6g）； 合剂：每支装 10ml（每1ml 相当于饮片 1.77g）,否,否,
309,MED-2026-T309,中成药,七、儿科用药,（三）止咳剂,清热化痰,金振口服液,,JZKFY,合剂：每支装 10ml（每1ml 相当于饮片 0.27g）,否,否,
310,MED-2026-T310,中成药,七、儿科用药,（三）止咳剂,清热化痰,小儿定喘口服液,,XEDCKFY,合剂：每 1ml 相当于饮片1.0g,否,否,
311,MED-2026-T311,中成药,七、儿科用药,（三）止咳剂,疏风清热,清宣止咳颗粒,,QXZKKL,颗粒剂：每袋装 10g,否,否,
312,MED-2026-T312,中成药,七、儿科用药,（三）止咳剂,消积化痰,小儿消积止咳口服液,,XEXJZKKFY,合剂：每 1ml 相当于饮片1.0g,否,否,
313,MED-2026-T313,中成药,七、儿科用药,（三）止咳剂,健脾止咳,小儿肺咳颗粒,,XEFKKL,颗粒剂：每袋装 2g 、3g、 6g,否,否,
314,MED-2026-T314,中成药,七、儿科用药,（四）扶正剂,健脾益气,健儿消食口服液,,JEXSKFY,合剂：每支装 10ml（相当于饮片 3g），每 1ml 相当于饮片 0.3g,否,否,
315,MED-2026-T315,中成药,七、儿科用药,（四）扶正剂,健脾益气,醒脾养儿颗粒,,XPYEKL,颗粒剂：每袋装 2g,否,否,
316,MED-2026-T316,中成药,七、儿科用药,（五）安神剂,安神定志,小儿黄龙颗粒,,XEHLKL,颗粒剂：每袋装 5g,否,否,
317,MED-2026-T317,中成药,七、儿科用药,（五）安神剂,安神定志,芍麻止痉颗粒,,SMZJKL,颗粒剂：每袋装 2.5g（相当于饮片 9.4g）、每袋装 5g（相当于饮片 18.8g）,是,否,△
318,MED-2026-T318,中成药,七、儿科用药,（六）消导剂,消食导滞,小儿化食丸（口服液）,,XEHSWKFY,丸剂：每丸重 1.5g； 合剂：每支装 10ml,否,否,
